player,team,age,lt_5_ft_fgm,lt_5_ft_fga,lt_5_ft_fgpct,5_9_ft_fgm,5_9_ft_fga,5_9_ft_fgpct,10_14_ft_fgm,10_14_ft_fga,10_14_ft_fgpct,15_19_ft_fgm,15_19_ft_fga,15_19_ft_fgpct,20_24_ft_fgm,20_24_ft_fga,20_24_ft_fgpct,25_29_ft_fgm,25_29_ft_fga,25_29_ft_fgpct
A.J. Lawson,TOR,24,0.5,0.8,66.7,0.0,0.0,0.0,0.0,0.0,0.0,0.0,0.0,0.0,0.0,0.3,0.0,0.5,1.0,50.0
AJ Green,MIL,25,0.1,0.2,60.0,0.0,0.1,25.0,0.1,0.1,66.7,0.2,0.5,40.9,1.0,2.0,49.5,1.1,3.1,36.7
AJ Johnson,WAS,20,0.6,1.4,42.9,0.1,0.3,33.3,0.0,0.0,0.0,0.0,0.0,0.0,0.3,0.3,100,0.2,0.7,33.3
Aaron Gordon,DEN,29,2.7,4.4,61.4,0.2,0.7,21.7,0.3,0.5,53.3,0.1,0.3,40.0,0.6,1.4,42.2,0.5,1.3,40.9
Aaron Holiday,HOU,28,0.3,0.5,68.4,0.2,0.5,44.4,0.1,0.2,37.5,0.2,0.3,46.2,0.4,0.8,48.5,0.5,1.7,30.4
Aaron Nesmith,IND,25,1.1,1.6,70.0,0.3,0.7,42.9,0.2,0.5,33.3,0.1,0.2,33.3,0.4,1.1,40.0,0.6,1.7,36.4
Aaron Wiggins,OKC,26,2.3,3.3,68.9,0.3,0.8,31.8,0.1,0.3,50.0,0.1,0.1,50.0,0.7,1.9,38.1,0.8,2.2,37.8
Adam Flagler,OKC,25,0.1,0.1,50.0,0.0,0.2,0.0,0.2,0.2,100,0.1,0.3,33.3,0.1,0.7,7.7,0.3,1.6,19.4
Adama Sanogo,CHI,23,1.0,1.7,60.0,0.3,0.7,50.0,0.0,0.0,0.0,0.0,0.0,0.0,0.0,0.0,0.0,0.0,0.0,0.0
Adem Bona,PHI,21,1.0,1.4,71.7,0.1,0.2,60.0,0.0,0.0,0.0,0.0,0.0,0.0,0.0,0.0,0.0,0.0,0.0,0.0
Ajay Mitchell,OKC,22,1.2,1.9,64.1,0.3,1.0,33.3,0.3,0.3,81.8,0.0,0.1,25.0,0.2,0.7,34.8,0.4,0.9,46.7
Al Horford,BOS,38,0.8,1.4,59.0,0.3,0.5,52.4,0.0,0.0,0.0,0.0,0.0,0.0,0.8,2.3,36.0,1.0,2.9,35.4
Alec Burks,MIA,33,0.2,0.5,40.0,0.1,0.3,33.3,0.1,0.1,50.0,0.1,0.3,42.9,0.8,2.1,40.3,0.6,1.2,48.6
Alex Caruso,OKC,30,1.2,2.0,59.1,0.0,0.1,0.0,0.0,0.1,25.0,0.0,0.0,0.0,0.6,1.6,35.2,0.6,1.8,31.7
Alex Ducas,OKC,24,0.1,0.2,33.3,0.0,0.1,0.0,0.0,0.1,0.0,0.0,0.0,0.0,0.2,0.6,33.3,0.3,0.5,50.0
Alex Len,LAL,31,0.4,0.6,63.6,0.2,0.4,61.5,0.0,0.1,25.0,0.0,0.0,0.0,0.0,0.1,0.0,0.0,0.1,50.0
Alex Sarr,WAS,19,1.9,3.0,62.8,0.6,2.2,26.9,0.2,0.8,30.3,0.2,0.4,52.9,0.4,1.2,33.3,1.1,3.6,30.3
Alperen Sengun,HOU,22,4.5,7.8,58.0,1.3,3.2,40.7,1.0,2.2,47.8,0.3,0.6,42.4,0.1,0.3,25.0,0.3,1.2,22.2
Amen Thompson,HOU,22,3.8,5.6,67.9,0.6,1.3,43.7,0.4,0.8,45.2,0.2,0.6,36.7,0.3,1.1,32.1,0.0,0.3,6.3
Amir Coffey,LAC,27,1.2,2.0,58.1,0.3,0.6,45.2,0.3,0.7,47.2,0.2,0.5,41.4,0.8,1.7,44.4,0.8,1.9,43.0
Andre Drummond,PHI,31,2.4,4.2,58.1,0.3,0.7,43.5,0.1,0.2,28.6,0.0,0.0,0.0,0.0,0.2,14.3,0.0,0.1,0.0
Andre Jackson Jr.,MIL,23,0.9,1.4,63.9,0.1,0.4,15.8,0.1,0.2,40.0,0.0,0.1,50.0,0.3,0.8,37.2,0.2,0.5,44.0
Andrew Nembhard,IND,25,1.6,2.2,73.5,0.4,0.9,42.9,0.6,1.6,40.7,0.4,1.1,35.9,0.4,1.2,36.4,0.4,1.3,31.3
Andrew Wiggins,MIA,29,2.3,4.0,56.8,1.1,2.3,47.2,0.2,0.5,36.0,0.2,0.9,26.8,0.8,1.8,43.2,1.5,4.2,34.7
Anfernee Simons,POR,25,1.7,3.1,55.3,0.7,1.7,40.4,0.5,1.4,36.5,0.5,0.9,56.5,0.9,1.9,44.6,2.1,5.7,36.9
Anthony Black,ORL,21,1.8,3.1,56.2,0.5,1.2,40.3,0.1,0.5,26.9,0.1,0.4,23.8,0.4,1.1,35.5,0.3,1.2,26.2
Anthony Davis,DAL,31,5.3,7.5,70.6,1.6,3.5,44.4,0.7,2.0,36.8,1.0,2.2,46.3,0.3,1.0,29.5,0.6,1.8,34.2
Anthony Edwards,MIN,23,3.0,5.1,58.3,0.8,1.9,41.9,0.5,1.7,29.3,0.5,1.4,37.7,1.8,4.4,40.2,2.6,6.3,41.3
Anthony Gill,WAS,32,0.3,0.4,64.3,0.3,0.5,57.1,0.0,0.0,0.0,0.0,0.0,0.0,0.1,0.3,30.0,0.1,0.2,33.3
Antonio Reeves,NOP,22,0.7,1.2,58.6,0.2,0.5,36.4,0.0,0.1,50.0,0.0,0.1,50.0,0.2,1.1,22.2,0.4,1.0,38.5
Ariel Hukporti,NYK,22,0.5,0.8,72.2,0.1,0.3,40.0,0.1,0.1,66.7,0.0,0.0,0.0,0.0,0.0,0.0,0.0,0.0,0.0
Armel Traore,LAL,22,0.7,1.2,54.5,0.0,0.1,0.0,0.0,0.0,0.0,0.0,0.0,0.0,0.0,0.6,0.0,0.0,0.2,0.0
Ausar Thompson,DET,22,3.4,4.9,67.9,0.2,0.9,23.3,0.1,0.3,20.0,0.0,0.1,33.3,0.1,0.5,16.7,0.1,0.4,30.8
Austin Reaves,LAL,26,2.0,3.0,67.1,0.9,2.0,45.5,0.5,1.3,41.3,0.2,0.5,42.3,0.6,1.3,47.6,1.9,5.5,34.6
Ayo Dosunmu,CHI,25,2.8,4.3,65.1,0.5,1.1,50.0,0.1,0.2,36.4,0.0,0.0,0.0,0.7,2.2,33.7,0.7,2.0,33.3
Bam Adebayo,MIA,27,2.7,3.9,69.2,1.3,3.3,39.0,1.3,2.9,43.6,0.5,1.0,51.9,0.3,1.0,33.3,0.4,1.6,26.2
Baylor Scheierman,BOS,24,0.1,0.3,33.3,0.0,0.0,0.0,0.0,0.1,0.0,0.1,0.1,100,0.0,0.6,0.0,0.0,0.6,0.0
Ben Sheppard,IND,23,0.8,1.2,63.8,0.0,0.2,14.3,0.1,0.2,42.9,0.0,0.0,100,0.9,2.5,36.4,0.4,1.0,37.5
Ben Simmons,LAC,28,1.9,3.0,63.5,0.9,1.9,49.2,0.1,0.2,25.0,0.0,0.0,0.0,0.0,0.0,0.0,0.0,0.0,0.0
Bennedict Mathurin,IND,22,3.2,4.9,65.0,0.6,1.4,42.7,0.3,0.7,38.9,0.2,0.6,37.9,0.5,1.6,29.8,1.1,2.9,37.3
Bilal Coulibaly,WAS,20,2.4,3.5,68.5,0.4,1.5,29.7,0.3,0.9,30.4,0.2,0.8,25.6,0.4,1.2,31.7,0.7,2.7,27.0
Bismack Biyombo,SAS,32,2.5,3.0,83.3,0.0,0.0,0.0,0.0,0.0,0.0,0.0,0.0,0.0,0.0,0.0,0.0,0.0,0.0,0.0
Blake Wesley,SAS,21,1.0,1.6,64.0,0.0,0.2,20.0,0.0,0.1,0.0,0.0,0.1,33.3,0.1,0.3,20.0,0.1,0.4,21.4
Bobby Portis,MIL,30,1.8,2.9,63.2,0.9,1.9,47.7,0.7,1.6,40.5,0.7,1.5,42.3,0.7,1.7,39.2,0.9,2.4,36.4
Bobi Klintman,DET,21,0.0,0.0,0.0,0.0,0.0,0.0,0.0,0.5,0.0,0.0,0.0,0.0,0.0,0.5,0.0,0.0,0.0,0.0
Bogdan Bogdanović,LAC,32,0.9,1.7,55.6,0.2,0.5,42.9,0.2,0.5,35.7,0.1,0.1,100,0.9,2.7,31.5,1.2,3.6,33.3
Bol Bol,PHX,25,0.4,0.7,61.5,0.5,0.6,90.0,0.3,0.6,54.5,0.4,0.6,70.0,0.3,1.4,24.0,0.5,1.4,36.0
Bones Hyland,LAC,24,0.5,0.9,55.6,0.0,0.1,0.0,0.0,0.3,0.0,0.2,0.5,44.4,0.4,0.7,50.0,1.2,3.2,37.5
Bradley Beal,PHX,31,2.2,3.3,67.2,0.9,1.6,55.9,0.8,1.7,50.8,0.6,1.4,40.4,1.2,2.8,41.9,1.0,2.6,37.8
Branden Carlson,OKC,25,0.2,0.2,100,0.1,0.3,40.0,0.0,0.0,0.0,0.0,0.0,0.0,0.3,0.9,30.8,0.6,1.0,55.6
Brandin Podziemski,GSW,21,1.2,2.0,59.5,0.5,1.0,50.0,0.5,1.0,53.7,0.2,0.5,43.5,0.4,1.1,34.0,1.0,3.0,31.8
Brandon Boston,NOP,23,1.6,2.6,59.5,0.1,0.5,25.0,0.4,1.1,35.6,0.6,1.2,52.1,0.5,1.5,30.6,0.8,2.2,37.6
Brandon Clarke,MEM,28,2.6,3.2,80.8,0.6,1.5,42.1,0.3,0.8,39.0,0.0,0.0,0.0,0.0,0.3,6.7,0.0,0.0,0.0
Brandon Ingram,TOR,27,2.2,3.1,70.9,0.6,1.9,31.4,1.7,3.2,54.4,1.5,3.5,42.9,0.7,1.7,38.7,1.9,5.1,38.5
Brandon Miller,CHA,22,1.8,2.7,66.7,0.9,2.3,39.3,0.6,1.5,42.5,0.2,0.9,21.7,0.6,1.8,31.3,3.1,8.4,37.3
Brandon Williams,DAL,25,0.6,1.3,47.8,0.1,0.3,40.0,0.1,0.1,100,0.1,0.1,100,0.2,0.6,30.0,0.4,0.7,50.0
Brice Sensabaugh,UTA,21,0.6,0.9,71.8,0.5,1.0,55.8,0.3,0.8,42.4,0.1,0.1,60.0,0.8,2.0,40.9,0.8,2.4,32.7
Bronny James,LAL,20,0.1,0.3,40.0,0.0,0.3,0.0,0.2,0.4,50.0,0.0,0.3,0.0,0.1,0.4,20.0,0.1,0.5,25.0
Brook Lopez,MIL,36,1.8,2.5,71.3,0.5,0.9,53.1,0.4,0.9,40.4,0.1,0.3,40.0,0.3,0.7,48.6,1.5,4.1,36.5
Bruce Brown,NOP,28,1.5,2.7,57.1,0.4,1.2,34.6,0.4,1.1,34.8,0.0,0.1,50.0,0.5,1.2,38.5,0.1,0.8,12.5
Bruno Fernando,TOR,26,1.4,2.1,63.9,0.2,0.6,33.3,0.0,0.1,0.0,0.0,0.1,0.0,0.0,0.0,0.0,0.0,0.0,0.0
Bryce McGowens,POR,22,0.3,0.4,66.7,0.2,0.2,100,0.2,0.2,100,0.0,0.0,0.0,0.0,0.0,0.0,0.0,0.3,0.0
Bub Carrington,WAS,19,0.6,1.1,51.6,0.2,0.5,33.3,0.4,0.8,57.1,0.4,0.8,45.5,0.6,1.5,39.8,1.1,3.3,34.3
Buddy Hield,GSW,32,1.1,1.8,61.4,0.2,0.6,36.4,0.2,0.3,52.9,0.1,0.4,30.0,0.9,2.4,37.1,1.7,4.7,37.0
CJ McCollum,NOP,33,2.5,4.2,59.9,1.2,2.3,50.5,1.0,2.3,42.7,0.5,1.1,43.5,1.0,2.7,38.1,2.2,5.8,37.9
Cade Cunningham,DET,23,3.6,6.5,55.7,1.9,4.2,46.5,1.1,2.3,48.7,0.5,1.4,39.1,0.5,1.1,39.7,1.8,5.1,35.7
Caleb Houstan,ORL,22,0.0,0.1,20.0,0.0,0.1,33.3,0.1,0.1,50.0,0.0,0.0,100,0.3,1.2,27.3,0.5,1.3,35.4
Caleb Martin,DAL,29,1.2,2.1,55.4,0.3,0.7,40.9,0.4,0.7,55.0,0.1,0.5,25.0,1.0,2.1,46.2,0.4,1.4,26.2
Cam Christie,LAC,19,0.3,0.5,66.7,0.0,0.0,0.0,0.0,0.0,0.0,0.0,0.0,0.0,0.0,0.8,0.0,0.3,1.0,33.3
Cam Reddish,LAL,25,0.7,1.1,66.7,0.1,0.2,40.0,0.0,0.1,0.0,0.0,0.0,0.0,0.3,0.9,35.7,0.1,0.6,16.7
Cam Spencer,MEM,24,0.4,0.6,66.7,0.3,0.4,75.0,0.1,0.3,33.3,0.0,0.1,0.0,0.3,0.7,42.9,0.2,1.0,22.2
Cam Thomas,BKN,23,1.8,3.5,52.2,0.9,1.9,48.6,1.2,2.4,50.0,1.1,1.8,58.8,0.7,2.6,26.5,2.2,5.2,41.4
Cam Whitmore,HOU,20,1.7,2.9,58.7,0.3,1.0,27.8,0.1,0.2,50.0,0.1,0.3,45.5,0.6,1.5,42.3,0.8,2.9,27.2
Cameron Johnson,BKN,28,2.1,3.0,69.4,0.5,0.8,60.6,0.3,0.8,38.7,0.3,0.8,40.0,1.1,2.4,45.4,1.9,4.9,39.0
Cameron Payne,NYK,30,0.6,1.2,50.8,0.4,0.7,54.1,0.2,0.4,44.4,0.0,0.1,20.0,0.4,0.9,38.3,1.0,2.7,37.0
Caris LeVert,ATL,30,1.7,3.0,58.1,0.3,0.5,55.0,0.2,0.5,30.4,0.0,0.1,16.7,0.8,2.0,40.2,0.8,2.0,39.3
Cason Wallace,OKC,21,1.5,2.4,63.7,0.3,0.8,30.8,0.1,0.4,41.2,0.1,0.1,42.9,0.5,1.7,30.4,0.5,1.3,38.1
Charles Bassey,SAS,24,1.9,2.9,64.4,0.2,0.6,43.8,0.1,0.3,33.3,0.0,0.0,0.0,0.0,0.0,0.0,0.0,0.0,0.0
Chet Holmgren,OKC,22,2.9,4.4,66.1,0.3,1.2,23.5,0.4,1.1,37.5,0.2,0.3,75.0,0.5,1.1,43.8,0.8,2.4,33.3
Chris Boucher,TOR,32,1.8,2.6,68.6,0.2,0.4,38.9,0.2,0.4,47.1,0.1,0.2,62.5,0.7,1.9,38.9,0.6,2.0,32.6
Chris Duarte,CHI,27,0.3,0.5,55.6,0.1,0.2,50.0,0.0,0.0,0.0,0.0,0.0,0.0,0.1,0.2,66.7,0.3,0.8,33.3
Chris Livingston,MIL,21,0.4,0.8,55.6,0.0,0.0,0.0,0.0,0.0,0.0,0.0,0.0,0.0,0.0,0.0,0.0,0.0,0.4,0.0
Chris Paul,SAS,39,0.2,0.3,75.0,0.1,0.3,41.2,0.4,0.8,46.5,0.6,1.0,53.6,0.5,1.5,35.4,1.2,3.4,36.6
Christian Braun,DEN,23,4.2,5.9,71.1,0.4,0.9,40.0,0.1,0.3,50.0,0.0,0.1,25.0,0.6,1.5,39.5,0.5,1.4,35.4
Christian Koloko,LAL,24,0.9,1.1,81.3,0.0,0.3,12.5,0.0,0.0,0.0,0.0,0.0,100,0.0,0.0,0.0,0.0,0.0,0.0
Clint Capela,ATL,30,3.5,5.6,62.9,0.6,1.5,38.2,0.1,0.3,25.0,0.0,0.0,0.0,0.0,0.0,0.0,0.0,0.0,0.0
Coby White,CHI,25,2.1,3.6,59.7,0.5,1.1,43.4,0.4,0.8,43.9,0.1,0.4,20.0,0.9,2.4,37.6,1.9,5.3,36.4
Cody Martin,PHX,29,1.4,2.1,66.3,0.1,0.3,38.5,0.2,0.6,29.2,0.2,0.4,37.5,0.7,2.0,36.4,0.4,1.4,27.3
Cody Williams,UTA,20,0.4,0.9,46.4,0.3,0.6,47.4,0.0,0.3,0.0,0.0,0.2,20.0,0.3,1.5,22.7,0.2,0.8,24.0
Colby Jones,WAS,22,0.1,0.1,66.7,0.2,0.4,37.5,0.0,0.1,0.0,0.1,0.2,66.7,0.1,0.2,33.3,0.2,0.4,42.9
Cole Anthony,ORL,24,1.0,1.6,60.9,0.8,1.6,51.9,0.5,1.4,34.3,0.3,0.6,44.0,0.3,0.8,36.4,0.7,2.2,32.2
Colin Castleton,MEM,24,0.2,0.4,50.0,0.0,0.3,0.0,0.0,0.0,0.0,0.0,0.0,0.0,0.0,0.4,0.0,0.0,0.0,0.0
Collin Gillespie,PHX,25,0.9,1.0,85.7,0.0,0.1,0.0,0.0,0.1,0.0,0.2,0.5,33.3,0.3,0.3,100,0.1,0.6,25.0
Collin Sexton,UTA,26,2.2,3.8,58.3,1.4,3.0,47.4,0.7,1.4,51.6,0.2,0.7,36.7,0.7,1.8,39.0,1.2,2.8,41.2
Corey Kispert,WAS,25,1.7,2.5,66.1,0.5,1.0,48.0,0.2,0.4,44.4,0.0,0.0,0.0,0.5,1.4,36.8,1.5,3.9,38.6
Cory Joseph,ORL,33,0.1,0.2,28.6,0.1,0.2,50.0,0.1,0.2,40.0,0.1,0.1,100,0.2,0.4,38.5,0.3,0.9,32.1
Craig Porter Jr.,CLE,24,0.8,1.0,82.4,0.1,0.3,25.0,0.0,0.2,16.7,0.0,0.1,25.0,0.2,0.3,63.6,0.2,0.5,43.8
D'Angelo Russell,BKN,28,1.2,1.9,60.9,0.6,1.3,45.9,0.5,1.2,41.8,0.2,0.5,32.0,0.3,1.0,26.1,1.7,4.9,34.7
D.J. Carton,TOR,24,0.3,0.5,50.0,0.0,0.5,0.0,0.0,0.0,0.0,0.0,0.0,0.0,0.0,0.3,0.0,0.0,0.5,0.0
DaQuan Jeffries,CHA,27,0.7,1.2,57.7,0.3,0.6,46.2,0.0,0.1,50.0,0.0,0.0,100,0.4,1.1,33.3,0.5,1.6,28.6
Daeqwon Plowden,ATL,26,1.0,1.0,100,0.0,0.0,0.0,0.0,0.0,0.0,0.0,0.0,0.0,2.0,2.5,80.0,1.0,1.5,66.7
Daishen Nix,MIN,23,0.0,0.0,0.0,0.0,0.0,0.0,0.0,0.0,0.0,0.0,0.0,0.0,0.0,0.3,0.0,0.0,0.0,0.0
Dalano Banton,POR,25,1.5,2.9,50.4,0.2,0.7,26.7,0.1,0.3,35.7,0.1,0.2,44.4,0.4,1.1,39.1,0.8,2.2,36.5
Dalen Terry,CHI,22,0.9,1.5,57.5,0.1,0.4,33.3,0.0,0.0,0.0,0.0,0.1,33.3,0.3,0.7,37.5,0.2,0.5,32.0
Dalton Knecht,LAL,23,1.2,1.7,69.4,0.1,0.4,38.9,0.3,0.4,59.1,0.2,0.3,53.3,0.8,1.8,42.9,0.8,2.6,32.1
Damian Lillard,MIL,34,2.4,4.0,58.8,0.3,1.0,33.3,0.5,0.9,53.7,1.0,2.1,46.2,0.8,1.7,49.4,2.7,7.0,38.2
Damion Baugh,CHA,24,2.0,2.0,100,1.5,2.0,75.0,0.0,0.0,0.0,0.0,0.0,0.0,1.0,1.0,100,1.0,2.5,40.0
Damion Lee,PHX,32,0.4,0.6,62.5,0.3,0.6,44.4,0.3,0.4,60.0,0.0,0.3,0.0,0.2,0.9,25.0,0.1,0.8,16.7
Daniel Gafford,DAL,26,4.4,6.0,73.4,0.5,1.0,51.0,0.0,0.1,33.3,0.0,0.0,0.0,0.0,0.0,0.0,0.0,0.0,0.0
Daniel Theis,NOP,32,0.9,1.5,62.5,0.2,0.5,44.4,0.2,0.4,50.0,0.0,0.1,50.0,0.1,0.3,16.7,0.2,0.6,29.2
Daniss Jenkins,DET,23,0.0,0.0,0.0,0.0,0.0,0.0,0.0,0.0,0.0,0.0,0.0,0.0,0.0,0.5,0.0,0.0,1.0,0.0
Danté Exum,DAL,29,2.3,3.9,58.1,0.4,0.9,42.9,0.1,0.3,50.0,0.0,0.0,0.0,0.6,1.0,62.5,0.6,1.8,35.7
Dario Šarić,DEN,30,0.7,1.6,45.5,0.1,0.4,20.0,0.0,0.1,0.0,0.1,0.1,100,0.2,0.5,50.0,0.2,1.4,15.8
Dariq Whitehead,BKN,20,0.0,0.1,0.0,0.2,0.4,50.0,0.0,0.2,0.0,0.0,0.0,0.0,0.3,0.8,40.0,1.5,2.7,56.3
Darius Garland,CLE,25,2.1,3.4,61.0,1.0,2.1,48.7,1.2,1.9,65.0,0.3,1.0,30.8,0.8,2.0,39.3,2.1,4.8,42.9
David Duke Jr.,SAS,25,0.7,1.0,66.7,0.0,1.0,0.0,0.0,0.0,0.0,0.0,0.0,0.0,0.0,0.0,0.0,0.0,0.3,0.0
David Roddy,PHI,23,0.7,1.2,60.6,0.4,0.7,50.0,0.0,0.1,50.0,0.0,0.0,0.0,0.3,0.7,42.1,0.3,1.0,30.8
Davion Mitchell,MIA,26,1.1,1.9,57.1,0.4,0.6,58.6,0.0,0.3,7.7,0.1,0.2,37.5,0.2,0.8,23.1,0.8,1.9,43.3
Day'Ron Sharpe,BKN,23,2.6,4.2,61.4,0.4,1.0,36.4,0.1,0.2,42.9,0.0,0.1,50.0,0.2,0.5,40.0,0.1,0.6,15.0
De'Aaron Fox,SAS,27,3.2,4.7,67.2,1.7,3.4,49.4,1.3,2.6,48.5,0.7,1.8,38.5,0.9,2.2,43.0,1.3,4.4,30.1
De'Andre Hunter,CLE,27,1.6,2.7,60.0,0.7,1.7,42.0,0.4,1.0,42.9,0.5,0.8,57.6,1.2,3.0,40.5,1.6,3.7,42.1
De'Anthony Melton,BKN,26,1.0,1.8,54.5,0.5,1.0,50.0,0.0,0.3,0.0,0.0,0.0,0.0,0.8,1.8,45.5,1.3,4.0,33.3
DeAndre Jordan,DEN,36,1.5,2.1,70.5,0.1,0.3,33.3,0.0,0.0,0.0,0.0,0.0,0.0,0.0,0.0,0.0,0.0,0.0,0.0
DeMar DeRozan,SAC,35,1.5,2.1,71.7,1.0,2.0,51.0,2.1,4.1,51.4,1.9,4.2,44.4,1.2,2.7,43.5,0.5,1.4,35.2
Dean Wade,CLE,28,0.6,0.8,75.0,0.0,0.0,100,0.0,0.0,0.0,0.0,0.0,0.0,0.9,2.4,36.5,0.6,1.8,31.8
Deandre Ayton,POR,26,3.8,5.3,71.7,1.0,1.9,51.3,0.9,1.8,47.9,0.9,1.8,47.9,0.1,0.7,11.1,0.1,0.3,27.3
Dejounte Murray,NOP,28,2.0,3.8,53.8,0.7,1.8,36.8,1.2,2.7,43.5,0.6,1.8,35.1,0.6,1.8,33.3,1.1,3.8,28.6
Delon Wright,NYK,32,0.3,0.6,50.0,0.0,0.4,8.3,0.0,0.1,25.0,0.0,0.0,0.0,0.3,0.7,42.1,0.1,1.1,12.9
Deni Avdija,POR,24,2.7,4.4,61.9,0.4,1.1,36.7,0.1,0.3,35.3,0.1,0.2,50.0,0.4,1.6,26.5,1.1,2.8,39.3
Dennis Schröder,DET,31,1.3,2.6,49.6,0.4,1.1,36.8,0.6,1.3,47.1,0.5,1.3,43.1,0.6,1.3,47.1,1.3,3.9,33.3
Dereck Lively II,DAL,21,3.2,4.2,74.8,0.7,1.2,57.9,0.0,0.1,25.0,0.0,0.0,0.0,0.0,0.0,0.0,0.0,0.0,0.0
Derrick Jones Jr.,LAC,28,2.7,4.1,66.5,0.3,0.9,30.4,0.1,0.2,55.6,0.1,0.1,50.0,0.6,1.7,34.8,0.4,1.1,40.4
Derrick White,BOS,30,1.2,1.8,67.0,0.5,1.0,54.9,0.3,0.5,53.8,0.2,0.3,47.1,0.9,2.1,42.2,2.4,6.5,36.1
Desmond Bane,MEM,26,3.0,4.4,67.2,0.7,1.6,43.2,0.4,1.1,38.0,0.2,0.6,42.3,1.0,2.1,45.7,1.5,3.9,38.3
Devin Booker,PHX,28,2.0,3.2,62.2,0.8,1.9,40.0,1.7,3.1,54.9,1.2,2.5,48.0,0.9,2.2,40.6,1.9,5.7,32.6
Devin Carter,SAC,22,0.4,0.9,46.7,0.1,0.5,12.5,0.1,0.4,33.3,0.1,0.1,100,0.2,0.6,27.3,0.3,1.1,26.3
Devin Vassell,SAS,24,1.7,2.9,59.3,0.2,0.5,33.3,0.9,1.9,44.7,0.8,1.8,45.8,1.2,2.7,43.0,1.2,3.7,31.5
Dillon Brooks,HOU,29,1.0,2.1,50.0,0.5,1.2,43.9,0.6,1.5,36.6,0.2,0.6,34.4,1.1,2.5,44.8,1.3,3.6,37.2
Dillon Jones,OKC,23,0.4,0.8,55.6,0.1,0.2,40.0,0.1,0.2,33.3,0.0,0.0,0.0,0.1,0.5,16.7,0.2,0.9,22.6
Domantas Sabonis,SAC,28,5.7,8.1,71.2,0.6,1.6,39.1,0.2,0.5,45.8,0.3,0.7,42.9,0.2,0.5,40.0,0.9,2.0,45.7
Dominick Barlow,ATL,21,0.8,1.2,65.0,0.1,0.3,25.0,0.1,0.5,25.0,0.1,0.1,100,0.2,0.6,36.4,0.1,0.1,50.0
Donovan Clingan,POR,20,2.1,3.4,62.0,0.1,0.3,27.3,0.0,0.0,0.0,0.0,0.0,0.0,0.0,0.1,33.3,0.1,0.4,27.8
Donovan Mitchell,CLE,28,2.2,3.8,59.0,1.1,2.0,53.3,0.7,1.4,47.3,0.6,1.4,42.1,1.3,3.1,41.1,2.5,6.5,38.9
Donte DiVincenzo,MIN,28,0.8,1.6,51.6,0.2,0.5,44.4,0.1,0.2,33.3,0.0,0.0,0.0,0.9,2.3,37.4,1.7,4.4,37.9
Dorian Finney-Smith,LAL,31,1.1,1.7,63.6,0.1,0.2,25.0,0.1,0.1,40.0,0.0,0.0,0.0,1.0,2.4,41.3,1.0,2.3,43.3
Doug McDermott,SAC,33,0.1,0.3,50.0,0.0,0.1,0.0,0.0,0.0,0.0,0.0,0.0,100,0.5,1.2,43.3,0.6,1.4,41.9
Draymond Green,GSW,34,1.3,2.3,57.9,0.3,0.7,37.9,0.1,0.4,40.0,0.1,0.1,50.0,0.7,1.7,43.1,0.5,1.8,25.0
Drew Eubanks,LAC,28,1.5,2.2,68.2,0.6,1.2,52.2,0.2,0.3,50.0,0.0,0.0,0.0,0.1,0.1,75.0,0.0,0.0,0.0
Drew Peterson,BOS,25,0.1,0.3,50.0,0.1,0.1,100,0.0,0.0,0.0,0.2,0.2,100,0.4,0.9,45.5,0.2,0.6,37.5
Dru Smith,MIA,27,0.9,1.4,68.4,0.1,0.6,22.2,0.0,0.2,0.0,0.0,0.0,0.0,0.5,0.9,58.3,0.6,1.3,50.0
Duncan Robinson,MIA,30,1.0,1.6,63.8,0.3,0.7,42.1,0.0,0.2,25.0,0.0,0.0,0.0,1.0,2.2,43.8,1.5,4.2,35.3
Duop Reath,POR,28,0.3,0.4,72.7,0.0,0.1,0.0,0.0,0.0,0.0,0.0,0.1,0.0,0.2,0.6,28.6,0.3,0.9,36.4
Dwight Powell,DAL,33,0.4,0.5,86.7,0.0,0.1,0.0,0.0,0.0,0.0,0.0,0.0,0.0,0.0,0.0,100,0.0,0.0,0.0
Dyson Daniels,ATL,21,3.1,5.0,60.9,1.3,2.9,43.5,0.3,0.9,31.9,0.0,0.1,33.3,0.5,1.3,35.8,0.6,2.0,32.7
E.J. Liddell,CHI,24,0.0,0.0,0.0,0.3,0.3,100,0.3,0.3,100,0.0,0.0,0.0,0.0,0.0,0.0,0.6,1.2,50.0
Elfrid Payton,CHA,31,0.7,1.6,44.4,1.2,2.5,48.1,0.3,1.0,27.3,0.0,0.2,0.0,0.1,0.2,50.0,0.0,0.0,0.0
Elijah Harkless,UTA,25,0.3,0.5,60.0,0.1,0.3,33.3,0.0,0.1,0.0,0.0,0.1,0.0,0.3,0.9,33.3,0.4,1.6,25.0
Emoni Bates,CLE,21,0.0,0.0,0.0,0.0,0.0,0.0,0.0,0.3,0.0,0.0,0.2,0.0,0.0,0.0,0.0,0.3,1.3,22.2
Enrique Freeman,IND,24,0.6,0.9,61.1,0.0,0.1,0.0,0.0,0.0,0.0,0.0,0.0,0.0,0.1,0.3,20.0,0.0,0.1,0.0
Eric Gordon,PHI,36,0.6,1.1,54.5,0.1,0.4,18.8,0.1,0.1,75.0,0.0,0.1,50.0,0.3,0.7,40.7,1.1,2.6,40.2
Evan Mobley,CLE,23,5.0,6.9,72.3,0.8,2.0,41.2,0.2,0.6,42.9,0.0,0.1,16.7,0.4,1.0,42.3,0.6,1.8,33.7
Franz Wagner,ORL,23,4.3,6.6,64.9,1.9,4.3,43.6,0.6,1.3,48.0,0.3,0.8,37.5,0.4,1.4,29.6,1.4,4.4,32.0
Fred VanVleet,HOU,30,1.0,2.0,52.2,0.4,0.8,43.2,0.3,0.8,35.3,0.4,1.2,37.0,0.9,2.2,42.9,1.9,5.6,33.6
GG Jackson,MEM,20,1.6,2.9,55.0,0.4,1.1,40.0,0.0,0.1,0.0,0.1,0.1,100,0.4,1.4,25.0,1.1,2.6,40.5
Gabe Vincent,LAL,28,0.4,0.7,58.1,0.1,0.2,36.4,0.2,0.4,47.1,0.2,0.2,70.0,0.6,1.5,40.8,0.7,2.2,32.0
Garrett Temple,TOR,38,0.1,0.2,25.0,0.1,0.2,50.0,0.0,0.2,0.0,0.0,0.0,0.0,0.1,0.4,20.0,0.0,0.1,0.0
Garrison Mathews,ATL,28,0.2,0.4,50.0,0.1,0.2,30.0,0.1,0.1,60.0,0.0,0.1,0.0,1.1,2.2,51.6,0.7,2.6,27.8
Gary Harris,ORL,30,0.3,0.3,80.0,0.0,0.2,20.0,0.0,0.1,33.3,0.0,0.1,50.0,0.4,1.4,30.0,0.4,0.9,40.7
Gary Payton II,GSW,32,1.8,2.4,76.4,0.1,0.4,27.8,0.0,0.0,0.0,0.0,0.0,0.0,0.2,0.6,33.3,0.1,0.6,14.3
Gary Trent Jr.,MIL,26,0.4,0.9,46.7,0.3,0.5,50.0,0.3,0.6,48.4,0.2,0.7,35.3,0.9,2.0,46.5,1.4,3.6,40.4
Georges Niang,ATL,31,1.0,1.5,65.5,0.4,0.7,62.2,0.1,0.2,38.5,0.0,0.1,0.0,1.0,2.6,39.6,0.8,1.9,41.9
Giannis Antetokounmpo,MIL,30,9.3,13.0,71.9,0.7,1.7,37.8,0.8,1.6,49.3,1.5,3.2,47.4,0.0,0.3,18.2,0.1,0.6,22.2
Goga Bitadze,ORL,25,3.2,4.6,69.8,0.3,0.5,56.5,0.1,0.2,33.3,0.0,0.1,25.0,0.0,0.1,14.3,0.0,0.3,7.7
Gradey Dick,TOR,21,1.7,3.3,52.8,0.3,0.9,34.8,0.5,1.2,45.6,0.3,0.7,50.0,0.8,2.3,35.1,1.3,3.9,34.4
Grant Williams,CHA,26,1.1,1.6,72.0,0.4,0.8,53.8,0.1,0.4,16.7,0.1,0.3,20.0,0.3,1.1,27.8,1.3,3.4,38.2
Grayson Allen,PHX,29,0.7,1.2,58.8,0.2,0.5,43.5,0.0,0.3,15.4,0.0,0.0,100,0.9,2.0,42.2,1.6,3.7,43.2
Guerschon Yabusele,PHI,29,2.4,3.4,70.8,0.1,0.3,16.7,0.0,0.2,9.1,0.0,0.1,33.3,0.5,1.3,39.1,1.0,2.4,40.5
Gui Santos,GSW,22,0.5,0.8,66.7,0.0,0.2,20.0,0.0,0.0,0.0,0.0,0.0,0.0,0.4,0.8,45.8,0.4,1.1,34.4
Harrison Barnes,SAS,32,1.9,3.1,63.3,0.3,0.8,40.9,0.1,0.3,42.9,0.0,0.0,0.0,1.2,2.5,47.8,0.4,1.3,29.2
Harrison Ingram,SAS,22,0.0,0.0,0.0,0.0,0.0,0.0,0.0,0.0,0.0,0.0,0.0,0.0,0.0,0.5,0.0,0.0,0.5,0.0
Haywood Highsmith,MIA,28,0.9,1.3,66.2,0.3,0.6,48.1,0.1,0.2,33.3,0.0,0.0,0.0,0.8,1.7,45.7,0.4,1.4,29.9
Herbert Jones,NOP,26,1.8,3.2,55.6,0.4,1.1,31.8,0.2,0.3,66.7,0.1,0.1,100,1.1,2.7,39.6,0.3,1.3,24.0
Hunter Tyson,DEN,24,0.3,0.5,55.6,0.0,0.0,0.0,0.0,0.1,50.0,0.0,0.1,25.0,0.1,0.6,23.8,0.3,0.7,38.5
Immanuel Quickley,TOR,25,1.0,2.1,48.6,0.8,1.9,40.6,0.5,1.3,40.9,0.4,0.7,58.3,0.4,1.4,25.0,2.1,4.6,44.3
Isaac Jones,SAC,24,1.3,1.7,74.4,0.2,0.5,50.0,0.0,0.1,0.0,0.0,0.0,0.0,0.0,0.1,33.3,0.0,0.0,0.0
Isaac Okoro,CLE,24,0.9,1.7,51.9,0.1,0.2,28.6,0.0,0.0,0.0,0.0,0.0,0.0,0.8,1.9,39.7,0.3,0.8,37.5
Isaiah Collier,UTA,20,1.5,2.6,57.4,0.5,1.1,46.0,0.2,0.5,36.0,0.1,0.3,21.4,0.3,0.9,32.5,0.3,1.4,21.9
Isaiah Crawford,SAC,23,0.3,0.3,100,0.0,0.0,0.0,0.3,0.5,50.0,0.0,0.0,0.0,0.0,0.0,0.0,0.0,0.3,0.0
Isaiah Hartenstein,OKC,26,2.6,4.0,64.5,1.3,2.3,56.8,0.9,1.8,50.0,0.0,0.1,0.0,0.0,0.0,0.0,0.0,0.4,0.0
Isaiah Jackson,IND,23,2.6,4.2,61.9,0.2,0.4,50.0,0.0,0.0,0.0,0.0,0.0,0.0,0.0,0.0,0.0,0.0,0.0,0.0
Isaiah Joe,OKC,25,0.6,0.8,77.5,0.1,0.2,54.5,0.1,0.3,25.0,0.1,0.3,38.5,0.8,1.8,47.7,1.6,4.3,36.3
Isaiah Stewart,DET,23,1.9,2.9,64.4,0.2,0.5,35.7,0.1,0.1,57.1,0.0,0.0,50.0,0.1,0.3,37.5,0.1,0.5,20.8
Isaiah Wong,CHA,24,0.6,1.4,40.7,0.3,0.8,37.5,0.5,1.1,42.9,0.1,0.3,20.0,0.1,0.4,28.6,0.6,1.3,46.2
Ivica Zubac,LAC,27,4.7,7.1,67.1,1.7,3.2,51.2,0.3,0.7,48.6,0.1,0.1,50.0,0.0,0.0,0.0,0.0,0.0,0.0
JD Davison,BOS,22,0.2,0.4,50.0,0.0,0.0,0.0,0.0,0.0,0.0,0.0,0.0,0.0,0.0,0.0,0.0,0.3,0.5,50.0
JT Thor,CLE,22,0.3,0.4,66.7,0.1,0.1,100,0.1,0.3,50.0,0.3,0.3,100,0.1,0.5,25.0,0.3,0.4,66.7
Ja Morant,MEM,25,3.4,5.9,56.9,1.5,3.3,44.6,0.6,1.5,39.2,0.1,0.3,44.4,0.6,1.9,31.8,0.9,2.7,31.9
Ja'Kobe Walter,TOR,20,1.0,1.9,51.4,0.4,0.9,48.5,0.3,0.5,58.8,0.1,0.3,27.3,0.4,1.4,30.2,0.6,1.8,33.8
Jabari Smith Jr.,HOU,21,1.4,2.3,62.0,0.2,0.6,36.4,0.6,1.1,48.7,0.1,0.5,27.8,0.6,1.6,39.3,1.1,3.2,35.2
Jabari Walker,POR,22,1.1,1.7,64.1,0.0,0.2,14.3,0.0,0.1,50.0,0.0,0.1,25.0,0.2,0.6,36.4,0.1,0.4,17.6
Jack McVeigh,HOU,28,0.0,0.0,0.0,0.0,0.2,0.0,0.0,0.0,0.0,0.2,0.3,50.0,0.3,0.8,33.3,0.2,0.8,20.0
Jackson Rowe,GSW,28,0.5,0.8,66.7,0.0,0.0,0.0,0.0,0.0,0.0,0.0,0.0,0.0,0.5,1.3,40.0,0.0,0.8,0.0
Jacob Toppin,NYK,24,0.1,0.5,28.6,0.0,0.0,0.0,0.1,0.1,100,0.0,0.0,0.0,0.0,0.1,0.0,0.0,0.1,0.0
Jaden Hardy,DAL,22,1.0,1.7,57.7,0.2,0.7,35.7,0.4,0.9,47.1,0.1,0.4,18.8,0.7,1.4,45.6,0.6,1.9,32.5
Jaden Ivey,DET,23,2.9,5.0,57.3,0.7,1.7,41.2,0.4,1.2,33.3,0.3,0.7,38.1,0.5,1.5,33.3,1.6,3.4,45.6
Jaden McDaniels,MIN,24,2.1,3.3,64.9,0.4,1.2,37.3,0.5,1.0,51.8,0.2,0.4,47.6,0.9,2.7,32.3,0.4,1.2,36.4
Jaden Springer,UTA,22,0.3,0.4,60.0,0.0,0.1,0.0,0.0,0.1,33.3,0.0,0.0,0.0,0.2,0.6,27.3,0.2,0.3,50.0
Jae Crowder,SAC,34,0.1,0.1,100,0.0,0.3,0.0,0.2,0.2,100,0.0,0.0,0.0,0.6,1.3,44.4,0.0,0.6,0.0
Jae'Sean Tate,HOU,29,0.9,1.6,60.7,0.2,0.5,35.0,0.0,0.1,25.0,0.0,0.0,0.0,0.3,0.6,40.9,0.0,0.2,0.0
Jaime Jaquez Jr.,MIA,24,2.0,3.6,55.1,0.6,1.6,40.3,0.1,0.3,28.6,0.0,0.1,25.0,0.4,1.3,29.3,0.2,0.7,32.3
Jake LaRavia,SAC,23,1.3,2.1,60.2,0.2,0.7,30.6,0.1,0.2,30.0,0.0,0.0,50.0,0.3,0.9,36.2,0.5,1.0,50.0
Jakob Poeltl,TOR,29,4.1,5.9,68.5,1.3,2.6,50.4,0.7,1.4,52.5,0.1,0.2,50.0,0.0,0.0,0.0,0.0,0.0,0.0
Jalen Bridges,PHX,23,0.0,0.0,0.0,0.0,0.0,0.0,0.0,0.0,0.0,0.0,0.0,0.0,0.3,0.5,50.0,0.0,0.4,0.0
Jalen Brunson,NYK,28,2.5,4.1,60.3,1.9,3.7,51.0,1.4,2.6,53.1,0.9,2.0,45.9,0.6,1.8,35.1,1.7,4.2,41.9
Jalen Duren,DET,21,4.2,5.9,72.3,0.3,0.7,45.9,0.0,0.0,50.0,0.0,0.0,0.0,0.0,0.0,100,0.0,0.0,0.0
Jalen Green,HOU,23,3.3,5.2,63.0,0.5,1.5,33.3,0.3,0.8,31.8,0.5,1.6,32.2,0.8,2.3,33.3,2.3,6.4,36.2
Jalen Hood-Schifino,LAL,21,0.0,0.0,0.0,0.0,0.0,0.0,0.0,0.0,0.0,1.0,1.0,100,0.0,0.0,0.0,0.0,0.0,0.0
Jalen Johnson,ATL,23,4.8,6.9,69.1,1.0,2.6,39.8,0.3,1.2,25.6,0.1,0.4,38.5,0.6,1.8,31.3,0.7,2.2,33.3
Jalen Pickett,DEN,25,0.4,0.5,69.2,0.1,0.1,50.0,0.2,0.6,25.0,0.2,0.3,50.0,0.3,0.8,33.3,0.5,1.0,47.8
Jalen Smith,CHI,24,1.4,2.2,66.4,0.3,0.4,65.0,0.0,0.1,40.0,0.0,0.1,33.3,0.3,1.0,34.0,0.9,2.5,34.6
Jalen Suggs,ORL,23,1.9,2.8,67.3,0.6,1.4,40.8,0.6,1.5,37.0,0.4,0.9,39.4,0.7,1.7,41.0,1.5,4.9,31.0
Jalen Williams,OKC,23,3.1,5.0,61.4,1.1,2.4,44.8,1.4,2.8,50.0,0.7,1.5,47.5,0.4,1.3,28.8,1.4,3.8,37.4
Jalen Wilson,BKN,24,1.4,2.4,60.5,0.2,0.9,25.5,0.1,0.2,36.4,0.0,0.1,40.0,0.6,1.9,32.4,0.8,2.5,30.8
Jamal Cain,NOP,25,0.5,0.7,76.9,0.3,0.5,50.0,0.0,0.2,0.0,0.1,0.1,50.0,0.3,1.3,25.9,0.2,0.5,33.3
Jamal Murray,DEN,27,2.4,3.9,62.6,0.8,1.6,47.4,1.0,2.1,46.1,1.3,2.7,47.3,1.0,2.2,43.6,1.6,4.2,37.7
Jamal Shead,TOR,22,0.7,1.3,52.2,0.4,0.9,46.5,0.4,0.7,48.6,0.1,0.2,33.3,0.3,0.8,38.5,0.5,1.5,34.2
James Harden,LAC,35,1.6,2.9,53.9,0.8,2.2,35.7,0.8,2.0,41.2,0.4,0.7,52.8,0.3,1.2,29.5,2.4,6.9,35.1
James Johnson,IND,38,0.3,0.3,100,0.0,0.0,0.0,0.1,0.1,100,0.0,0.2,0.0,0.0,0.2,0.0,0.0,0.3,0.0
James Wiseman,IND,23,0.0,0.0,0.0,2.0,2.0,100,0.0,0.0,0.0,0.0,1.0,0.0,0.0,0.0,0.0,0.0,1.0,0.0
Jamison Battle,TOR,23,0.3,0.6,52.2,0.1,0.2,83.3,0.1,0.2,55.6,0.0,0.1,50.0,0.7,1.7,40.3,0.7,1.6,45.0
Jarace Walker,IND,21,0.8,1.3,60.0,0.3,0.5,51.9,0.2,0.3,61.5,0.1,0.2,33.3,0.3,0.9,37.2,0.6,1.6,36.3
Jared Butler,PHI,24,1.4,2.1,67.6,0.5,1.5,35.3,0.2,0.5,35.3,0.2,0.3,50.0,0.1,0.3,40.0,0.4,1.1,31.7
Jared McCain,PHI,21,1.9,3.3,55.8,0.5,1.1,48.0,0.5,1.0,47.8,0.4,0.7,53.3,0.7,1.9,39.5,1.5,3.9,39.3
Jared Rhoden,TOR,25,0.3,1.0,33.3,1.0,1.0,100,0.0,0.3,0.0,0.0,0.0,0.0,0.0,0.7,0.0,0.0,0.3,0.0
Jaren Jackson Jr.,MEM,25,2.4,3.8,63.6,2.9,5.5,51.9,1.0,1.9,50.0,0.0,0.1,33.3,0.6,1.7,35.9,1.3,3.4,38.0
Jarred Vanderbilt,LAL,25,1.1,2.0,55.0,0.0,0.1,0.0,0.0,0.0,0.0,0.0,0.0,0.0,0.2,0.8,25.0,0.0,0.0,0.0
Jarrett Allen,CLE,26,4.3,5.7,75.2,1.1,1.6,67.0,0.2,0.4,41.7,0.0,0.1,25.0,0.0,0.1,0.0,0.0,0.0,0.0
Javonte Green,NOP,31,1.1,1.8,61.1,0.1,0.3,35.3,0.0,0.1,14.3,0.0,0.0,0.0,0.5,1.4,36.2,0.3,0.8,32.5
Jaxson Hayes,LAL,24,2.3,3.0,76.0,0.1,0.3,36.4,0.0,0.1,33.3,0.0,0.0,0.0,0.0,0.0,0.0,0.0,0.0,0.0
Jay Huff,MEM,27,1.1,1.3,81.0,0.1,0.1,66.7,0.0,0.1,33.3,0.0,0.1,0.0,0.5,1.3,38.2,1.0,2.2,43.0
Jaylen Brown,BOS,28,3.8,6.2,61.5,1.0,2.4,43.4,1.0,2.1,47.0,0.6,1.5,40.8,0.7,1.7,39.5,1.3,4.2,31.3
Jaylen Clark,MIN,23,0.7,1.6,43.5,0.2,0.4,50.0,0.1,0.1,50.0,0.0,0.1,0.0,0.5,1.4,36.8,0.1,0.3,50.0
Jaylen Nowell,NOP,25,0.9,1.6,53.8,0.6,2.3,27.8,0.8,1.4,54.5,0.0,0.4,0.0,0.5,1.4,36.4,0.5,2.1,23.5
Jaylen Wells,MEM,21,1.1,1.9,57.8,0.4,0.9,49.0,0.3,0.5,67.9,0.1,0.3,50.0,1.1,2.9,38.5,0.8,2.4,34.3
Jaylin Williams,OKC,22,0.6,1.1,56.7,0.1,0.2,33.3,0.1,0.2,80.0,0.0,0.0,0.0,0.3,0.9,28.0,0.8,2.5,30.9
Jaylon Tyson,CLE,22,0.6,1.0,58.3,0.2,0.5,44.4,0.0,0.1,25.0,0.0,0.0,0.0,0.2,0.7,34.8,0.2,0.4,40.0
Jayson Tatum,BOS,26,3.8,5.6,67.4,0.5,1.2,40.3,0.5,1.3,41.8,0.5,1.5,31.2,0.6,1.7,37.8,3.1,8.3,37.1
Jazian Gortman,DAL,21,0.2,0.4,50.0,0.1,0.3,33.3,0.0,0.3,0.0,0.1,0.2,50.0,0.5,0.8,55.6,0.0,0.3,0.0
Jeff Dowtin Jr.,PHI,27,0.4,0.8,52.4,0.2,0.7,33.3,0.4,0.6,64.3,0.1,0.4,33.3,0.1,0.4,20.0,0.2,0.7,23.5
Jeff Green,HOU,38,0.5,0.5,100,0.3,0.4,83.3,0.3,0.4,66.7,0.1,0.1,100,0.5,1.5,36.4,0.1,0.8,15.4
Jerami Grant,POR,30,1.6,3.6,44.0,0.3,1.0,28.6,0.2,0.8,31.3,0.2,0.7,32.3,1.2,3.0,39.2,1.1,3.1,34.8
Jeremiah Robinson-Earl,NOP,24,1.2,1.9,61.2,0.0,0.3,18.2,0.1,0.2,33.3,0.1,0.2,57.1,0.6,1.5,37.3,0.2,0.8,26.5
Jeremy Sochan,SAS,21,3.8,5.7,66.8,0.1,0.8,17.9,0.1,0.3,41.7,0.1,0.1,40.0,0.4,0.9,39.4,0.2,0.7,26.1
Jericho Sims,MIL,26,0.7,1.1,64.3,0.0,0.1,33.3,0.0,0.0,0.0,0.0,0.0,0.0,0.0,0.0,0.0,0.0,0.0,0.0
Jett Howard,ORL,21,0.3,0.5,56.5,0.1,0.3,38.5,0.1,0.1,75.0,0.1,0.3,45.5,0.5,1.2,38.5,0.6,2.0,29.5
Jevon Carter,CHI,29,0.1,0.4,30.0,0.2,0.3,66.7,0.2,0.3,50.0,0.2,0.2,100,0.3,0.9,35.0,0.5,1.5,36.8
Jimmy Butler III,GSW,35,3.8,5.7,65.7,0.7,1.9,34.5,0.7,1.4,48.8,0.1,0.4,33.3,0.4,1.1,36.4,0.1,0.4,25.0
Jock Landale,HOU,29,0.9,1.9,49.0,0.2,0.4,50.0,0.2,0.4,36.4,0.1,0.2,50.0,0.0,0.1,33.3,0.2,0.4,60.0
Joe Ingles,MIN,37,0.0,0.2,0.0,0.2,0.3,66.7,0.1,0.1,100,0.0,0.0,0.0,0.2,0.5,28.6,0.1,0.5,16.7
Joel Embiid,PHI,30,2.9,4.7,63.1,0.8,1.8,42.4,1.2,2.8,43.1,1.3,3.2,42.1,0.1,0.4,12.5,1.2,3.8,31.9
John Collins,UTA,27,3.6,5.5,65.8,1.2,2.5,48.4,0.2,0.6,25.0,0.3,0.6,45.8,1.0,2.1,48.1,0.5,1.4,32.1
John Konchar,MEM,28,0.4,0.7,68.4,0.0,0.0,0.0,0.0,0.0,0.0,0.0,0.0,0.0,0.4,1.0,37.9,0.1,0.6,25.0
Johnny Davis,WAS,22,0.6,0.9,64.3,0.1,0.4,30.8,0.1,0.2,33.3,0.0,0.0,0.0,0.1,0.5,20.0,0.1,0.5,31.3
Johnny Furphy,IND,20,0.3,0.7,42.9,0.0,0.1,33.3,0.0,0.0,0.0,0.0,0.0,0.0,0.2,0.7,33.3,0.1,0.4,36.4
Johnny Juzang,UTA,23,0.3,0.6,56.5,0.2,0.5,42.1,0.1,0.3,45.5,0.1,0.3,40.0,0.8,1.9,43.2,0.9,2.4,37.0
Jonas Valančiūnas,SAC,32,2.7,4.0,66.4,0.9,1.8,49.5,0.3,0.9,38.0,0.4,0.9,50.0,0.1,0.2,25.0,0.1,0.4,25.0
Jonathan Isaac,ORL,27,1.3,1.9,67.7,0.0,0.1,50.0,0.1,0.4,15.8,0.1,0.3,25.0,0.5,1.8,29.5,0.2,0.8,20.5
Jonathan Kuminga,GSW,22,3.5,5.3,66.1,0.9,2.5,35.4,0.4,1.4,26.7,0.1,0.4,21.4,0.4,1.4,29.5,0.8,2.2,38.6
Jonathan Mogbo,TOR,23,1.5,2.6,58.0,0.1,0.5,22.7,0.1,0.3,23.1,0.1,0.1,40.0,0.2,0.6,40.0,0.1,0.4,25.0
Jordan Clarkson,UTA,32,1.1,2.2,50.0,1.2,3.0,40.9,0.7,1.6,45.8,0.2,0.5,50.0,0.9,1.9,46.7,1.6,4.5,35.5
Jordan Goodwin,LAL,26,1.0,1.5,66.7,0.3,0.5,50.0,1.3,1.3,100,0.0,0.5,0.0,0.0,0.5,0.0,0.8,1.5,50.0
Jordan Hawkins,NOP,22,0.4,0.9,45.7,0.2,0.8,27.6,0.4,0.9,42.9,0.6,1.4,40.7,0.9,2.3,37.5,1.1,3.4,31.0
Jordan McLaughlin,SAS,28,0.1,0.2,33.3,0.1,0.2,33.3,0.0,0.1,25.0,0.0,0.0,0.0,0.3,0.7,40.0,0.2,0.4,41.7
Jordan Miller,LAC,25,1.2,2.2,54.1,0.4,0.8,47.6,0.1,0.3,42.9,0.0,0.0,0.0,0.1,0.6,17.6,0.2,0.6,26.3
Jordan Poole,WAS,25,2.5,3.9,63.4,0.4,1.5,27.4,0.3,0.9,30.2,0.1,0.6,25.9,0.5,1.3,36.1,2.6,6.9,38.3
Jordan Walsh,BOS,20,0.3,0.5,52.9,0.0,0.0,0.0,0.0,0.0,0.0,0.0,0.0,0.0,0.1,0.6,10.5,0.2,0.5,47.4
Jose Alvarado,NOP,26,0.6,1.2,51.3,0.3,0.9,26.7,0.3,0.4,69.2,0.1,0.3,33.3,0.7,1.7,41.8,1.4,3.7,39.0
Josh Christopher,MIA,23,0.1,0.4,33.3,0.1,0.3,50.0,0.0,0.2,0.0,0.0,0.0,0.0,0.0,0.0,0.0,0.0,0.1,0.0
Josh Giddey,CHI,22,2.1,3.7,57.3,0.8,1.9,43.3,0.3,0.7,44.1,0.1,0.1,50.0,0.7,1.7,37.8,0.8,2.3,33.1
Josh Green,CHA,24,0.9,1.6,55.3,0.3,0.6,46.4,0.0,0.3,12.5,0.2,0.2,66.7,1.1,2.4,43.7,0.4,1.1,35.7
Josh Hart,NYK,29,3.8,5.3,72.5,0.2,0.6,35.3,0.3,0.5,50.0,0.2,0.3,52.9,0.4,1.5,28.0,0.7,1.8,39.2
Josh Minott,MIN,22,0.7,1.1,62.2,0.1,0.1,66.7,0.0,0.0,0.0,0.0,0.0,0.0,0.2,0.7,23.8,0.1,0.3,22.2
Josh Okogie,CHA,26,1.3,2.3,58.1,0.3,0.8,39.1,0.0,0.0,100,0.0,0.1,33.3,0.6,1.5,38.6,0.3,0.7,36.4
Josh Richardson,MIA,31,0.3,0.8,33.3,0.3,0.6,40.0,0.0,0.1,0.0,0.1,0.4,33.3,0.1,1.1,11.1,0.6,1.6,38.5
Jrue Holiday,BOS,34,1.5,2.5,61.6,0.4,0.8,48.6,0.2,0.4,35.0,0.1,0.2,50.0,0.6,2.1,30.2,1.1,2.9,38.6
Julian Champagnie,SAS,23,1.0,1.6,64.4,0.1,0.4,25.0,0.1,0.1,75.0,0.1,0.1,50.0,1.0,2.6,36.6,1.2,3.3,35.8
Julian Phillips,CHI,21,0.8,1.2,64.2,0.1,0.3,35.7,0.0,0.0,50.0,0.0,0.0,0.0,0.5,1.3,37.1,0.1,0.5,24.1
Julian Strawther,DEN,22,1.0,1.6,59.8,0.5,1.0,46.6,0.3,0.7,47.4,0.0,0.1,25.0,0.5,1.4,39.0,1.1,3.1,35.6
Julius Randle,MIN,30,3.3,5.1,64.6,0.9,2.2,41.5,0.6,1.5,37.0,0.3,0.5,56.0,0.6,2.2,28.6,0.9,2.4,35.9
Justin Champagnie,WAS,23,1.6,2.3,69.5,0.3,0.7,43.5,0.1,0.2,60.0,0.0,0.0,0.0,0.3,1.1,28.6,0.8,1.6,46.6
Justin Edwards,PHI,21,1.2,1.7,67.4,0.2,0.5,50.0,0.1,0.3,28.6,0.2,0.3,71.4,0.5,1.2,38.7,1.0,2.7,35.3
Justin Minaya,POR,25,0.0,0.2,0.0,0.0,0.0,0.0,0.0,0.0,0.0,0.0,0.0,0.0,0.0,0.0,0.0,0.0,0.0,0.0
Jusuf Nurkić,CHA,30,1.8,2.9,60.5,0.4,1.0,39.3,0.1,0.2,33.3,0.0,0.0,0.0,0.3,0.6,41.2,0.4,1.7,22.9
KJ Martin,UTA,24,1.8,2.8,66.7,0.3,0.4,77.8,0.0,0.0,0.0,0.0,0.0,0.0,0.3,0.8,44.4,0.0,0.2,16.7
KJ Simpson,CHA,22,1.0,1.9,55.0,0.4,1.3,29.6,0.1,0.5,10.0,0.1,0.4,28.6,0.1,0.7,14.3,0.6,2.4,24.0
Kai Jones,LAC,24,0.9,1.0,89.3,0.0,0.1,33.3,0.0,0.2,0.0,0.0,0.0,0.0,0.0,0.0,0.0,0.0,0.0,0.0
Karl-Anthony Towns,NYK,29,5.2,8.2,62.8,1.3,2.5,53.1,0.4,0.8,45.0,0.1,0.4,23.8,0.2,0.7,31.4,1.8,4.1,43.1
Karlo Matković,NOP,23,1.0,1.5,66.7,0.2,0.5,33.3,0.0,0.1,0.0,0.0,0.0,0.0,0.2,0.6,40.0,0.1,0.3,16.7
Kawhi Leonard,LAC,33,1.9,2.8,66.7,0.8,1.8,46.4,1.4,3.2,43.1,0.9,2.1,45.5,0.5,1.4,36.4,1.2,3.4,35.2
Keaton Wallace,ATL,25,0.6,0.9,65.0,0.3,0.6,50.0,0.3,0.5,50.0,0.1,0.5,20.0,0.3,0.8,31.6,0.8,2.0,38.3
Keegan Murray,SAC,24,1.8,2.5,74.8,0.5,1.4,37.5,0.3,0.8,36.6,0.2,0.4,42.9,0.7,2.2,33.3,1.1,3.4,32.6
Keion Brooks Jr.,NOP,24,0.0,0.0,0.0,0.0,0.0,0.0,1.0,1.0,100,0.0,0.0,0.0,0.0,0.5,0.0,0.0,0.0,0.0
Kel'el Ware,MIA,20,2.4,3.6,66.2,0.4,0.8,43.3,0.1,0.4,35.7,0.0,0.1,0.0,0.2,0.6,33.3,0.5,1.3,37.5
Keldon Johnson,SAS,25,2.6,4.4,59.6,0.6,1.3,47.8,0.1,0.2,45.5,0.0,0.0,0.0,0.5,1.7,28.1,0.6,1.8,32.6
Kelly Olynyk,NOP,33,1.2,2.0,63.3,0.1,0.6,20.0,0.2,0.3,75.0,0.1,0.2,50.0,0.3,0.6,50.0,0.5,1.4,35.3
Kelly Oubre Jr.,PHI,29,3.4,5.4,62.2,0.8,1.7,47.7,0.2,0.7,23.7,0.1,0.1,80.0,0.5,1.7,31.4,0.6,2.4,26.0
Kenrich Williams,OKC,30,1.1,1.6,68.1,0.1,0.2,37.5,0.1,0.3,42.9,0.1,0.2,44.4,0.4,0.9,42.1,0.6,1.5,39.4
Kentavious Caldwell-Pope,ORL,32,0.8,1.1,69.4,0.1,0.3,35.7,0.2,0.3,52.6,0.5,0.8,55.6,0.7,2.2,33.9,0.8,2.6,29.6
Keon Ellis,SAC,25,0.7,1.0,73.1,0.2,0.4,40.9,0.0,0.2,22.2,0.1,0.1,60.0,0.8,1.8,45.3,0.9,2.3,41.8
Keon Johnson,BKN,22,1.6,3.0,53.5,0.4,1.1,36.8,0.1,0.4,31.8,0.1,0.1,50.0,0.6,2.3,26.6,0.9,2.9,30.7
Keshad Johnson,MIA,23,0.6,0.8,75.0,0.0,0.0,0.0,0.0,0.0,0.0,0.0,0.0,0.0,0.0,0.2,0.0,0.1,0.2,50.0
Kessler Edwards,DAL,24,0.6,1.0,59.1,0.0,0.1,33.3,0.1,0.2,33.3,0.0,0.0,0.0,0.3,0.8,33.3,0.0,0.3,14.3
Kevin Durant,PHX,36,2.0,2.8,72.3,1.3,2.3,56.3,2.8,5.1,53.7,1.4,2.3,59.2,0.9,2.0,47.0,1.5,4.0,38.3
Kevin Huerter,CHI,26,0.9,1.4,64.1,0.3,0.6,50.0,0.2,0.3,64.3,0.1,0.2,45.5,0.5,1.6,30.7,0.9,3.2,29.3
Kevin Love,MIA,36,0.6,1.6,40.0,0.1,0.3,16.7,0.0,0.1,0.0,0.0,0.0,0.0,0.2,1.2,18.2,0.9,2.0,47.2
Kevin Porter Jr.,MIL,24,1.3,2.2,60.7,0.5,1.2,42.6,0.7,1.4,47.1,0.6,1.6,40.3,0.3,0.7,45.5,0.4,1.8,20.7
Kevon Looney,GSW,29,1.9,3.2,58.4,0.1,0.4,22.7,0.1,0.2,27.3,0.1,0.3,26.7,0.0,0.0,0.0,0.0,0.0,0.0
Keyonte George,UTA,21,1.2,2.0,60.9,0.8,2.0,40.9,0.6,1.3,44.8,0.1,0.5,23.8,1.0,2.2,45.4,1.6,5.5,30.0
Khris Middleton,WAS,33,0.6,1.0,60.0,0.8,1.3,61.3,0.8,1.3,56.3,0.8,1.3,59.4,0.5,1.3,40.6,1.2,2.7,43.1
Killian Hayes,BKN,23,1.0,1.0,100,0.0,0.0,0.0,1.0,2.0,50.0,0.0,0.0,0.0,0.0,2.0,0.0,0.0,1.0,0.0
Klay Thompson,DAL,35,0.7,1.0,64.0,0.2,0.7,31.3,0.4,1.0,38.8,0.5,1.1,41.8,1.5,4.1,36.2,1.8,4.1,43.8
Kobe Brown,LAC,25,0.9,1.2,74.1,0.1,0.2,50.0,0.0,0.2,0.0,0.0,0.0,0.0,0.1,0.3,33.3,0.1,0.6,16.7
Kobe Bufkin,ATL,21,0.8,1.7,47.1,0.4,0.4,100,0.1,0.4,25.0,0.1,0.2,50.0,0.2,0.9,22.2,0.2,1.0,20.0
Kris Dunn,LAC,30,0.8,1.3,61.3,0.4,0.9,44.4,0.2,0.4,47.6,0.0,0.1,25.0,0.4,1.5,30.0,0.5,1.5,35.2
Kris Murray,POR,24,1.2,2.0,61.4,0.0,0.2,12.5,0.0,0.0,0.0,0.0,0.0,0.0,0.3,1.0,31.1,0.1,0.5,25.0
Kristaps Porziņģis,BOS,29,2.3,3.3,70.7,1.0,2.0,48.3,0.4,1.4,31.0,0.3,0.8,40.0,0.2,0.6,36.8,1.9,4.6,41.6
Kyle Anderson,MIA,31,0.8,1.2,66.7,0.6,1.5,43.1,0.1,0.4,26.7,0.1,0.4,23.1,0.3,0.7,39.3,0.2,0.6,36.4
Kyle Filipowski,UTA,21,1.4,2.0,68.1,0.3,0.7,41.9,0.2,0.2,87.5,0.0,0.0,0.0,0.4,1.2,35.8,0.3,0.8,31.6
Kyle Kuzma,MIL,29,2.8,4.4,64.7,1.1,2.8,37.7,0.4,1.1,40.0,0.2,0.7,26.9,0.6,1.8,35.3,0.7,3.0,24.3
Kyle Lowry,PHI,38,0.2,0.3,55.6,0.1,0.3,30.0,0.1,0.1,66.7,0.0,0.1,0.0,0.3,0.8,37.0,0.6,1.7,33.3
Kylor Kelley,DAL,27,1.1,1.4,80.0,0.0,0.0,0.0,0.2,0.2,100,0.0,0.0,0.0,0.0,0.0,0.0,0.0,0.0,0.0
Kyrie Irving,DAL,32,2.8,4.5,63.7,1.5,3.1,47.9,0.9,2.1,44.2,0.7,1.8,39.8,1.2,2.5,47.4,1.7,4.6,37.9
Kyshawn George,WAS,21,0.8,1.6,53.9,0.2,0.6,33.3,0.0,0.2,22.2,0.0,0.1,33.3,0.6,1.5,38.4,1.0,3.4,28.1
LaMelo Ball,CHA,23,2.6,4.7,55.6,1.5,3.1,49.1,0.9,1.9,45.3,0.4,0.9,41.9,0.6,1.8,36.1,2.9,8.3,35.5
Landry Shamet,NYK,27,0.5,0.8,68.4,0.1,0.2,60.0,0.2,0.3,66.7,0.0,0.0,0.0,0.3,0.8,44.4,0.2,1.0,21.7
Larry Nance Jr.,ATL,32,1.5,2.2,66.0,0.3,0.7,37.5,0.1,0.2,40.0,0.1,0.1,66.7,0.7,1.5,44.4,0.8,1.7,47.5
Lauri Markkanen,UTA,27,2.4,3.6,65.1,0.7,1.8,40.5,0.2,0.5,34.8,0.1,0.4,20.0,1.1,2.8,38.7,1.8,5.5,32.9
LeBron James,LAL,40,4.4,6.2,70.1,1.0,2.2,45.9,0.9,1.7,51.7,0.8,1.9,39.2,0.5,1.1,42.1,1.8,4.6,38.4
Leonard Miller,MIN,21,0.4,0.9,50.0,0.0,0.0,0.0,0.0,0.3,0.0,0.0,0.0,0.0,0.0,0.4,0.0,0.0,0.4,0.0
Lester Quinones,PHI,24,1.0,1.0,100,0.0,0.0,0.0,0.0,0.5,0.0,0.0,0.0,0.0,0.0,0.0,0.0,0.0,0.8,0.0
Liam Robbins,MIL,25,0.1,0.3,25.0,0.1,0.1,100,0.0,0.1,0.0,0.0,0.0,0.0,0.0,0.0,0.0,0.0,0.2,0.0
Lindy Waters III,DET,27,0.4,0.6,62.5,0.1,0.3,41.7,0.1,0.3,18.2,0.1,0.1,75.0,0.4,1.6,24.2,0.9,2.4,38.7
Lonzo Ball,CHI,27,0.4,0.6,55.0,0.0,0.2,16.7,0.1,0.2,57.1,0.0,0.1,0.0,0.5,1.5,35.4,1.3,3.7,35.3
Luguentz Dort,OKC,25,0.9,1.6,56.1,0.0,0.3,13.3,0.2,0.4,47.6,0.1,0.3,43.8,1.0,2.0,50.0,1.2,3.5,34.8
Luka Dončić,LAL,25,2.5,3.2,78.5,1.4,2.9,47.2,1.6,3.2,50.6,0.6,1.5,36.8,0.4,1.8,25.0,2.5,7.0,35.6
Luka Garza,MIN,26,0.8,1.3,60.0,0.3,0.4,70.0,0.2,0.5,33.3,0.0,0.0,0.0,0.0,0.3,0.0,0.2,0.7,31.3
Luke Kennard,MEM,28,0.4,0.7,56.7,0.2,0.5,40.0,0.2,0.6,38.5,0.2,0.4,50.0,1.1,2.0,52.3,1.0,2.4,41.3
Luke Kornet,BOS,29,2.0,2.8,72.5,0.1,0.4,31.6,0.0,0.1,0.0,0.0,0.0,0.0,0.0,0.0,0.0,0.0,0.0,0.0
Luke Travers,CLE,23,0.3,0.8,42.9,0.0,0.0,0.0,0.0,0.0,0.0,0.0,0.0,0.0,0.0,0.5,0.0,0.0,0.0,0.0
Malaki Branham,SAS,21,0.6,0.9,64.3,0.1,0.4,27.3,0.2,0.5,38.5,0.1,0.3,33.3,0.3,0.7,40.9,0.4,1.0,38.7
Malcolm Brogdon,WAS,32,2.4,4.0,60.4,0.5,1.4,33.3,0.4,1.1,37.0,0.4,1.0,36.0,0.1,0.5,27.3,0.5,1.9,28.3
Malevy Leons,OKC,25,0.0,0.0,0.0,0.0,0.2,0.0,0.0,0.0,0.0,0.0,0.0,0.0,0.0,0.2,0.0,0.0,0.0,0.0
Malik Beasley,DET,28,0.8,1.3,58.1,0.5,1.0,48.3,0.2,0.6,33.3,0.3,0.6,52.9,1.4,3.1,44.2,2.5,6.3,40.6
Malik Monk,SAC,27,2.4,3.7,63.8,1.0,2.1,47.5,0.6,1.3,45.2,0.4,0.9,46.3,0.8,1.7,49.4,1.5,5.2,28.0
MarJon Beauchamp,LAC,24,0.3,0.4,63.6,0.0,0.2,20.0,0.1,0.1,100,0.1,0.2,25.0,0.2,0.7,25.0,0.2,0.5,41.7
Marcus Sasser,DET,24,0.6,0.9,63.2,0.3,0.5,57.9,0.3,0.5,52.2,0.1,0.3,41.7,0.4,0.9,47.2,0.6,1.9,34.2
Marcus Smart,WAS,30,0.6,1.1,57.1,0.5,1.5,31.0,0.1,0.3,16.7,0.2,0.2,75.0,0.6,2.0,30.8,0.9,2.5,36.7
Mark Williams,CHA,23,5.0,7.4,67.8,0.8,2.3,33.3,0.2,0.5,41.7,0.0,0.1,0.0,0.0,0.0,0.0,0.0,0.0,0.0
Markelle Fultz,SAC,26,1.0,1.0,100,2.0,2.0,100,1.0,1.0,100,0.0,1.0,0.0,0.0,0.0,0.0,0.0,0.0,0.0
Markieff Morris,LAL,35,0.0,0.1,0.0,0.0,0.0,0.0,0.1,0.8,16.7,0.2,0.2,100,0.1,1.2,8.3,0.4,1.0,40.0
Marvin Bagley III,MEM,25,1.6,2.1,73.8,0.2,0.7,28.6,0.1,0.3,20.0,0.0,0.0,0.0,0.0,0.1,0.0,0.1,0.4,25.0
Mason Jones,SAC,26,0.5,0.5,100,0.3,0.5,66.7,0.3,0.3,100,0.0,0.0,0.0,0.0,0.2,0.0,0.2,1.0,20.0
Mason Plumlee,PHX,34,1.4,2.0,69.8,0.1,0.5,23.1,0.0,0.1,0.0,0.0,0.0,0.0,0.0,0.0,0.0,0.0,0.0,0.0
Matas Buzelis,CHI,20,1.1,2.1,53.1,0.3,0.5,54.2,0.0,0.1,25.0,0.0,0.0,50.0,0.6,1.8,35.4,0.3,0.8,34.1
Matt Ryan,NYK,27,0.2,0.3,60.0,0.1,0.1,50.0,0.0,0.3,0.0,0.0,0.1,0.0,0.1,0.7,18.2,0.2,0.5,44.4
Max Christie,DAL,22,1.2,1.8,66.3,0.2,0.6,40.0,0.1,0.4,35.0,0.1,0.3,46.7,0.8,2.0,40.0,0.7,1.8,38.3
Max Strus,CLE,28,0.8,1.2,66.7,0.1,0.2,33.3,0.0,0.0,0.0,0.0,0.0,0.0,0.9,2.3,39.3,1.2,3.3,36.7
Maxi Kleber,LAL,33,0.4,0.8,55.6,0.1,0.3,30.0,0.0,0.1,50.0,0.1,0.2,80.0,0.2,0.8,23.1,0.2,0.8,30.8
Maxwell Lewis,BKN,22,0.2,0.3,66.7,0.0,0.0,0.0,0.0,0.2,0.0,0.0,0.4,0.0,0.0,0.1,0.0,0.1,0.1,100
Micah Potter,UTA,26,0.4,0.5,75.0,0.0,0.1,0.0,0.0,0.0,0.0,0.0,0.0,0.0,0.7,1.8,38.6,0.2,0.6,37.5
Michael Porter Jr.,DEN,26,3.0,4.0,75.0,0.5,1.2,46.8,0.3,0.5,50.0,0.3,0.8,39.5,1.2,2.6,46.4,1.7,4.5,39.0
Mikal Bridges,NYK,28,2.3,3.4,69.1,1.1,2.0,55.3,1.1,2.2,50.4,0.3,0.6,50.0,1.7,4.1,40.8,0.7,2.3,30.5
Mike Conley,MIN,37,0.4,0.8,45.9,0.3,0.8,33.3,0.2,0.6,29.6,0.0,0.1,0.0,0.9,2.1,40.8,0.9,2.6,35.0
Miles Bridges,CHA,26,3.5,5.8,60.8,1.3,3.2,39.7,0.2,0.5,38.1,0.1,0.4,35.7,0.8,2.6,32.4,1.3,4.3,30.6
Miles McBride,NYK,24,0.7,1.5,46.5,0.1,0.4,27.8,0.3,0.6,57.7,0.3,0.5,52.2,1.0,2.5,38.9,0.9,2.3,39.8
Mo Bamba,LAC,26,1.0,1.3,73.0,0.1,0.4,27.3,0.1,0.1,66.7,0.0,0.1,50.0,0.3,0.7,35.0,0.3,1.1,26.7
Monté Morris,PHX,29,0.4,0.7,57.1,0.3,0.7,48.1,0.2,0.6,30.4,0.2,0.4,56.3,0.4,1.2,32.7,0.2,0.7,28.6
Moritz Wagner,ORL,27,3.5,5.3,66.7,0.4,0.6,61.1,0.0,0.1,0.0,0.0,0.0,0.0,0.4,1.1,37.5,0.5,1.5,34.1
Moses Brown,DAL,25,1.4,1.9,76.5,0.1,0.4,33.3,0.0,0.3,0.0,0.0,0.0,0.0,0.0,0.0,0.0,0.0,0.0,0.0
Moses Moody,GSW,22,1.1,1.6,69.3,0.3,0.7,50.0,0.1,0.5,21.7,0.0,0.2,12.5,0.8,2.1,39.6,0.9,2.4,37.1
Mouhamed Gueye,ATL,22,1.3,1.8,75.0,0.4,1.0,37.5,0.2,0.4,50.0,0.0,0.0,0.0,0.3,2.3,14.3,0.1,0.8,14.3
Moussa Diabaté,CHA,23,1.9,3.0,63.2,0.2,0.4,55.6,0.0,0.2,25.0,0.0,0.0,0.0,0.0,0.0,0.0,0.0,0.0,0.0
Myles Turner,IND,28,1.9,3.0,62.7,0.6,1.5,37.5,0.4,0.8,52.8,0.4,0.8,51.4,0.5,1.1,41.5,1.6,4.1,40.1
Nae'Qwan Tomlin,CLE,24,1.0,1.0,100,0.5,0.5,100,0.0,0.0,0.0,0.0,0.0,0.0,0.0,0.0,0.0,0.0,1.0,0.0
Naji Marshall,DAL,27,1.8,2.8,63.9,1.1,2.0,56.2,0.4,0.8,54.3,0.2,0.2,87.5,0.7,1.9,36.5,0.3,0.9,29.3
Nate Williams,HOU,26,0.9,1.0,85.7,0.5,0.7,75.0,0.0,0.0,0.0,0.0,0.0,0.0,0.5,0.8,66.7,0.1,0.6,25.0
Naz Reid,MIN,25,2.1,3.3,63.7,0.9,2.0,46.5,0.2,0.4,47.6,0.0,0.0,50.0,0.9,2.0,42.9,1.3,3.4,39.2
Neemias Queta,BOS,25,2.0,3.0,67.8,0.3,0.4,58.8,0.1,0.1,60.0,0.0,0.0,0.0,0.0,0.0,0.0,0.0,0.0,0.0
Nic Claxton,BKN,25,3.2,4.8,68.0,0.8,2.0,37.9,0.4,0.8,43.6,0.1,0.3,23.1,0.0,0.2,9.1,0.0,0.1,0.0
Nick Richards,PHX,27,2.7,4.0,68.1,0.4,1.1,31.7,0.0,0.3,0.0,0.0,0.1,50.0,0.0,0.1,0.0,0.0,0.0,0.0
Nick Smith Jr.,CHA,20,0.4,0.6,59.1,0.5,1.2,39.5,0.7,1.2,54.8,0.3,0.7,36.4,0.4,1.1,31.6,1.2,3.4,35.1
Nickeil Alexander-Walker,MIN,26,0.9,1.5,59.8,0.2,0.5,33.3,0.2,0.5,39.3,0.1,0.2,66.7,1.1,2.5,45.1,0.7,2.0,35.1
Nicolas Batum,LAC,36,0.2,0.3,47.1,0.0,0.1,25.0,0.0,0.0,0.0,0.0,0.1,40.0,0.6,1.3,44.1,0.3,1.1,30.5
Nikola Jokić,DEN,30,5.3,7.6,69.4,2.8,5.0,56.8,0.6,1.4,42.9,0.4,0.8,53.7,0.4,0.8,51.3,1.7,3.6,47.5
Nikola Jović,MIA,21,1.5,2.4,63.0,0.4,0.9,47.5,0.0,0.3,18.2,0.1,0.1,50.0,1.0,2.2,45.5,0.7,2.4,29.2
Nikola Vučević,CHI,34,2.9,4.5,64.5,2.0,3.3,61.5,0.8,1.5,53.7,0.2,0.6,41.9,0.4,1.0,40.4,1.4,3.7,39.1
Noah Clowney,BKN,20,0.8,1.6,51.7,0.2,0.6,28.6,0.0,0.2,12.5,0.0,0.0,0.0,0.8,2.1,35.9,1.2,3.5,35.4
Norman Powell,LAC,31,3.2,5.2,62.0,0.9,1.9,48.8,0.6,1.2,44.6,0.2,0.5,47.6,1.1,2.2,48.5,2.4,5.8,41.4
OG Anunoby,NYK,27,3.4,5.1,66.8,0.2,0.7,35.3,0.2,0.5,39.1,0.1,0.6,16.7,1.4,3.7,37.4,0.7,2.0,36.6
Obi Toppin,IND,26,2.3,2.9,79.6,0.3,0.6,51.7,0.1,0.2,25.0,0.0,0.1,33.3,0.6,1.5,40.5,0.6,1.8,35.1
Ochai Agbaji,TOR,24,2.4,3.6,66.5,0.1,0.4,35.0,0.0,0.2,12.5,0.0,0.1,66.7,1.1,2.6,41.4,0.5,1.4,34.3
Olivier-Maxence Prosper,DAL,22,1.1,1.8,58.8,0.1,0.5,23.8,0.0,0.0,0.0,0.0,0.1,0.0,0.2,0.9,23.7,0.0,0.3,18.2
Onyeka Okongwu,ATL,24,3.7,5.4,68.8,0.5,1.1,44.6,0.2,0.3,64.3,0.0,0.0,0.0,0.4,1.2,31.0,0.1,0.4,14.3
Orlando Robinson,TOR,24,1.0,1.5,62.5,0.1,0.6,8.3,0.1,0.4,28.6,0.0,0.1,0.0,0.1,0.2,66.7,0.1,0.6,16.7
Oscar Tshiebwe,UTA,25,1.0,1.5,66.7,0.0,0.0,0.0,0.0,0.0,0.0,0.0,0.0,0.0,0.0,0.0,0.0,0.0,0.0,0.0
Oso Ighodaro,PHX,22,1.1,1.4,81.1,0.3,0.6,40.0,0.2,0.7,33.3,0.0,0.0,0.0,0.0,0.0,0.0,0.0,0.0,0.0
Ousmane Dieng,OKC,21,0.6,1.0,60.0,0.1,0.3,37.5,0.1,0.1,66.7,0.0,0.0,0.0,0.3,0.9,34.6,0.3,1.2,27.8
P.J. Washington,DAL,26,2.5,4.3,58.5,0.8,2.2,33.7,0.2,0.7,33.3,0.0,0.2,20.0,0.9,2.4,36.5,0.8,2.0,38.6
PJ Dozier,MIN,28,0.0,0.0,0.0,0.0,0.0,0.0,0.0,0.0,0.0,0.0,0.0,0.0,0.1,0.1,100,0.1,0.3,50.0
PJ Hall,DEN,23,0.4,0.6,71.4,0.1,0.1,100,0.0,0.0,0.0,0.0,0.0,0.0,0.0,0.1,0.0,0.0,0.2,0.0
Pacôme Dadiet,NYK,19,0.1,0.3,25.0,0.0,0.1,0.0,0.0,0.1,0.0,0.2,0.4,50.0,0.1,0.7,20.0,0.3,0.5,57.1
Paolo Banchero,ORL,22,3.2,5.2,61.3,0.9,2.3,39.3,1.0,2.5,37.7,1.0,2.8,36.8,0.5,1.5,32.4,1.4,4.5,31.5
Pascal Siakam,IND,30,3.4,4.6,74.7,1.1,2.1,49.1,1.1,2.4,45.8,0.5,1.5,35.4,0.7,1.7,39.1,1.1,2.7,41.7
Pat Connaughton,MIL,32,0.8,1.3,62.5,0.1,0.4,33.3,0.0,0.0,100,0.0,0.0,0.0,0.2,0.7,27.3,0.5,1.3,35.9
Pat Spencer,GSW,28,0.7,1.4,50.0,0.3,0.9,31.6,0.2,0.3,66.7,0.1,0.1,50.0,0.0,0.0,0.0,0.1,0.5,18.2
Patrick Baldwin Jr.,WAS,22,0.3,0.6,54.5,0.0,0.0,0.0,0.0,0.0,0.0,0.0,0.0,0.0,0.2,0.3,66.7,0.2,0.6,38.5
Patrick Williams,CHI,23,1.0,2.3,42.3,0.3,0.8,42.9,0.2,0.4,35.0,0.1,0.4,25.0,0.6,1.4,44.3,1.0,3.2,32.6
Patty Mills,LAC,36,0.2,0.3,60.0,0.2,0.3,60.0,0.1,0.2,33.3,0.1,0.3,40.0,0.3,0.9,29.4,0.6,2.2,27.3
Paul George,PHI,34,1.5,2.3,67.1,0.1,0.8,18.5,0.9,1.6,53.4,0.9,2.2,43.6,0.7,2.4,28.4,1.7,4.5,37.9
Paul Reed,DET,25,1.2,1.7,70.8,0.1,0.3,30.0,0.2,0.5,40.0,0.1,0.1,75.0,0.0,0.1,25.0,0.2,0.6,29.4
Payton Pritchard,BOS,27,1.1,1.6,72.1,0.2,0.4,57.1,0.2,0.4,54.2,0.1,0.2,38.5,0.9,1.9,43.9,2.1,5.0,42.9
Pelle Larsson,MIA,23,0.8,1.3,60.4,0.0,0.1,50.0,0.0,0.1,0.0,0.0,0.0,0.0,0.3,0.8,37.0,0.2,0.7,30.8
Pete Nance,PHI,25,0.1,0.3,50.0,0.0,0.2,0.0,0.0,0.0,0.0,0.0,0.0,0.0,0.2,0.2,100,0.4,1.4,30.0
Peyton Watson,DEN,22,2.0,3.1,62.3,0.2,0.6,35.7,0.1,0.4,22.2,0.0,0.1,0.0,0.5,1.3,39.7,0.1,0.6,22.6
Precious Achiuwa,NYK,25,2.3,3.8,60.6,0.2,0.7,30.8,0.3,0.5,62.5,0.0,0.0,0.0,0.2,0.7,33.3,0.0,0.1,33.3
Quentin Grimes,PHI,24,1.6,2.3,66.4,0.2,0.4,40.0,0.2,0.4,34.8,0.2,0.5,37.5,0.9,2.1,40.9,0.9,2.5,36.7
Quenton Jackson,IND,26,1.4,2.4,60.5,0.1,0.2,50.0,0.1,0.1,100,0.1,0.1,50.0,0.3,0.8,33.3,0.3,0.8,35.7
Quincy Olivari,LAL,23,0.0,0.0,0.0,0.0,0.0,0.0,0.0,0.0,0.0,0.0,0.0,0.0,0.0,0.5,0.0,0.5,2.0,25.0
Quinten Post,GSW,24,0.8,1.4,57.7,0.2,0.4,66.7,0.1,0.1,100,0.1,0.2,33.3,0.4,1.0,41.2,1.2,2.7,42.9
RJ Barrett,TOR,24,4.7,8.0,58.4,1.1,2.9,38.4,0.5,0.9,54.1,0.1,0.3,45.5,0.9,2.0,42.5,1.0,3.2,31.4
RayJ Dennis,IND,23,0.0,0.0,0.0,0.0,0.0,0.0,0.0,0.0,0.0,0.0,0.0,0.0,0.0,0.0,0.0,0.2,0.5,33.3
Rayan Rupert,POR,20,0.5,0.8,60.0,0.0,0.3,11.1,0.1,0.1,75.0,0.0,0.0,0.0,0.2,0.5,38.9,0.1,0.5,16.7
Reece Beekman,BKN,23,0.5,0.8,62.5,0.2,0.6,33.3,0.0,0.1,0.0,0.0,0.1,0.0,0.1,0.5,22.2,0.1,0.5,18.2
Reed Sheppard,HOU,20,0.3,0.5,57.1,0.1,0.4,21.4,0.2,0.6,27.3,0.1,0.2,42.9,0.2,0.7,24.1,0.5,1.7,27.9
Reggie Jackson,PHI,34,0.4,0.7,57.1,0.3,0.5,58.8,0.1,0.3,20.0,0.1,0.4,27.3,0.3,0.7,47.4,0.5,1.7,30.2
Richaun Holmes,WAS,31,2.1,2.6,78.7,0.3,0.7,38.5,0.1,0.2,33.3,0.0,0.1,0.0,0.0,0.1,0.0,0.0,0.1,0.0
Ricky Council IV,PHI,23,1.2,2.0,58.9,0.2,0.7,35.5,0.1,0.2,33.3,0.0,0.1,0.0,0.4,0.9,45.0,0.3,1.3,21.7
Riley Minix,SAS,24,0.0,0.0,0.0,0.0,0.0,0.0,0.0,0.0,0.0,0.0,0.0,0.0,0.0,0.0,0.0,0.0,0.0,0.0
Rob Dillingham,MIN,20,1.1,1.8,60.7,0.3,0.6,40.0,0.3,0.6,52.6,0.0,0.3,14.3,0.5,1.1,45.5,0.3,1.2,26.3
Robert Williams III,POR,27,2.3,3.1,74.2,0.1,0.5,22.2,0.0,0.1,0.0,0.1,0.2,33.3,0.1,0.1,50.0,0.0,0.0,0.0
Ronald Holland II,DET,19,1.4,2.2,61.6,0.3,0.6,48.6,0.1,0.2,50.0,0.0,0.1,25.0,0.3,1.1,23.4,0.3,0.9,26.9
Royce O'Neale,PHX,31,0.9,1.4,61.8,0.1,0.6,25.0,0.0,0.1,28.6,0.0,0.0,0.0,0.9,1.9,44.2,1.6,3.8,41.5
Rudy Gobert,MIN,32,4.1,5.7,72.8,0.1,0.7,21.6,0.0,0.2,0.0,0.0,0.0,0.0,0.0,0.0,0.0,0.0,0.0,0.0
Rui Hachimura,LAL,27,2.7,4.1,65.3,0.2,0.8,30.6,0.2,0.6,42.3,0.3,0.5,54.2,0.9,2.1,43.0,0.7,1.9,37.4
Russell Westbrook,DEN,36,3.1,5.0,62.3,0.3,0.7,46.9,0.1,0.5,19.2,0.2,0.5,33.3,0.7,1.8,38.9,0.4,1.7,25.6
Ryan Dunn,PHX,22,1.1,1.6,70.9,0.4,0.8,46.2,0.1,0.3,43.8,0.0,0.1,33.3,0.7,2.2,31.7,0.3,1.1,28.3
Ryan Rollins,MIL,22,0.9,1.6,57.6,0.2,0.4,53.8,0.1,0.4,38.5,0.1,0.3,40.0,0.3,0.9,36.7,0.3,1.0,32.4
Sam Hauser,BOS,27,0.3,0.4,63.2,0.0,0.1,50.0,0.2,0.2,100,0.1,0.1,83.3,1.0,2.1,45.0,1.1,3.1,36.6
Sam Merrill,CLE,28,0.4,0.6,69.0,0.1,0.1,50.0,0.0,0.0,0.0,0.0,0.0,0.0,0.9,2.1,41.4,1.0,3.3,32.0
Sandro Mamukelashvili,SAS,25,0.8,1.0,82.4,0.0,0.2,16.7,0.1,0.1,50.0,0.0,0.0,0.0,0.3,0.6,40.0,0.5,1.2,45.0
Santi Aldama,MEM,24,2.2,3.1,70.5,0.6,1.5,43.7,0.3,0.6,46.4,0.0,0.2,25.0,0.8,1.9,40.0,1.0,2.8,36.3
Scoot Henderson,POR,21,1.9,3.4,54.9,0.2,0.9,26.2,0.3,0.6,48.3,0.2,0.6,39.3,0.6,1.5,42.9,1.0,2.7,35.7
Scottie Barnes,TOR,23,2.8,4.5,63.5,1.3,2.9,44.8,1.4,2.8,50.4,0.5,1.5,34.9,0.6,1.7,36.6,0.8,3.4,24.0
Scotty Pippen Jr.,MEM,24,1.9,2.9,63.4,0.4,1.1,36.5,0.2,0.4,39.1,0.0,0.1,0.0,0.4,1.1,36.5,0.6,1.5,36.5
Seth Curry,CHA,34,0.3,0.5,63.6,0.1,0.3,33.3,0.2,0.5,36.4,0.5,0.9,54.1,0.6,1.2,54.7,0.6,1.5,38.8
Shaedon Sharpe,POR,21,2.6,4.1,64.3,0.4,0.9,40.5,0.6,1.2,52.5,0.6,1.4,41.8,0.8,2.6,29.8,1.3,3.8,32.6
Shai Gilgeous-Alexander,OKC,26,4.6,6.5,70.4,1.4,3.1,45.6,2.1,3.8,55.7,1.0,2.0,47.3,0.3,1.1,23.7,1.9,4.8,38.3
Shake Milton,LAL,28,0.7,1.2,59.2,0.3,0.7,45.2,0.3,0.7,50.0,0.1,0.1,75.0,0.4,1.0,37.5,0.4,1.1,35.6
Sidy Cissoko,POR,20,0.4,0.6,75.0,0.0,0.2,0.0,0.0,0.0,0.0,0.0,0.1,0.0,0.2,0.2,66.7,0.1,0.3,25.0
Simone Fontecchio,DET,29,0.6,1.2,50.8,0.2,0.4,45.0,0.1,0.2,50.0,0.1,0.2,30.0,0.4,1.4,30.1,0.6,1.8,35.9
Spencer Dinwiddie,DAL,31,0.9,1.7,56.0,0.6,1.4,45.9,0.3,0.7,38.9,0.1,0.2,53.8,0.4,1.4,29.9,0.9,2.6,35.9
Spencer Jones,DEN,23,0.0,0.1,0.0,0.0,0.0,0.0,0.0,0.0,0.0,0.1,0.1,100,0.0,0.6,0.0,0.1,0.3,50.0
Stanley Umude,MIL,25,0.1,0.2,50.0,0.0,0.2,0.0,0.0,0.1,0.0,0.0,0.1,0.0,0.1,0.5,14.3,0.0,0.2,0.0
Stephen Curry,GSW,36,1.5,2.7,57.6,0.8,1.7,44.4,0.5,1.1,45.3,0.6,1.0,57.8,0.7,2.0,37.0,3.4,8.4,39.9
Stephon Castle,SAS,20,2.7,4.5,60.6,0.3,1.1,28.3,0.2,0.7,33.3,0.2,0.6,36.4,0.4,1.2,32.3,0.7,2.7,25.7
Steven Adams,HOU,31,1.1,1.9,55.4,0.3,0.6,54.5,0.1,0.2,25.0,0.0,0.0,0.0,0.0,0.0,0.0,0.0,0.0,0.0
Svi Mykhailiuk,UTA,27,0.9,1.3,70.4,0.2,0.7,35.7,0.2,0.4,44.4,0.0,0.1,33.3,0.9,2.4,35.3,1.3,3.8,35.0
T.J. McConnell,IND,32,2.1,3.3,62.7,1.1,2.0,53.7,0.8,1.7,44.6,0.3,0.7,36.8,0.1,0.2,46.2,0.1,0.3,16.7
Taj Gibson,CHA,39,0.8,1.7,48.8,0.2,0.5,40.0,0.0,0.3,16.7,0.1,0.2,75.0,0.0,0.1,50.0,0.0,0.0,0.0
Talen Horton-Tucker,CHI,24,1.1,2.2,51.2,0.2,0.4,53.3,0.1,0.1,50.0,0.0,0.0,0.0,0.3,0.7,37.0,0.5,1.4,38.2
Tari Eason,HOU,23,3.0,4.7,64.4,0.1,0.7,20.0,0.2,0.6,33.3,0.1,0.2,25.0,0.6,1.5,37.5,0.5,1.5,33.3
Taurean Prince,MIL,30,0.7,1.4,53.3,0.1,0.4,20.0,0.1,0.2,30.8,0.1,0.1,50.0,1.1,2.3,45.6,0.8,1.7,49.5
Taylor Hendricks,UTA,21,0.3,1.0,33.3,0.0,0.3,0.0,0.0,0.7,0.0,0.0,0.0,0.0,1.0,2.7,37.5,0.0,1.3,0.0
Taze Moore,POR,26,0.5,1.5,33.3,0.0,1.0,0.0,0.0,0.5,0.0,0.0,0.0,0.0,0.0,0.0,0.0,0.5,1.5,33.3
Terance Mann,ATL,28,1.2,2.0,61.3,0.1,0.4,18.8,0.3,0.6,45.8,0.1,0.2,30.0,0.5,1.1,45.7,0.2,0.9,24.3
Terrence Shannon Jr.,MIN,24,0.8,1.4,60.9,0.2,0.4,50.0,0.1,0.1,100,0.0,0.2,0.0,0.2,0.9,23.1,0.1,0.3,25.0
Terry Rozier,MIA,30,1.7,2.9,57.6,0.5,1.5,36.6,0.3,0.7,48.5,0.2,0.4,42.1,1.0,3.2,32.3,0.8,2.3,33.0
Thomas Bryant,IND,27,1.4,2.2,67.1,0.2,0.3,53.8,0.2,0.3,72.7,0.0,0.1,50.0,0.4,0.9,45.5,0.3,1.2,28.3
Tidjane Salaün,CHA,19,0.7,1.4,50.0,0.0,0.5,5.0,0.0,0.2,0.0,0.0,0.1,25.0,0.3,0.9,38.9,0.6,2.1,26.1
Tim Hardaway Jr.,DET,32,0.6,0.8,67.4,0.2,0.5,36.0,0.3,0.7,47.1,0.3,0.7,35.1,0.8,2.1,36.7,1.4,3.6,38.0
Tobias Harris,DET,32,1.9,2.8,69.5,1.0,2.3,43.2,0.8,1.6,51.2,0.2,0.7,27.8,0.9,2.3,38.1,0.4,1.5,25.9
Torrey Craig,BOS,34,0.4,0.5,80.0,0.2,0.3,66.7,0.1,0.1,100,0.0,0.0,0.0,0.5,1.3,35.7,1.1,2.2,50.0
Tosan Evbuomwan,BKN,24,1.7,2.4,70.2,0.5,1.9,27.0,0.5,0.8,62.5,0.0,0.2,0.0,0.5,1.5,30.0,0.4,1.1,31.8
Toumani Camara,POR,24,2.1,3.8,55.6,0.2,0.5,42.9,0.0,0.0,0.0,0.0,0.0,0.0,0.8,2.4,34.6,0.6,1.7,38.9
Trae Young,ATL,26,2.0,3.7,54.1,1.1,2.5,45.0,1.0,2.1,46.8,0.2,0.5,37.0,0.8,2.2,35.4,1.9,5.3,35.3
Trayce Jackson-Davis,GSW,25,2.9,4.6,63.4,0.3,0.9,31.1,0.0,0.0,0.0,0.0,0.0,0.0,0.0,0.0,0.0,0.0,0.0,0.0
Tre Jones,CHI,25,1.2,1.8,63.8,0.3,0.6,40.0,0.0,0.2,16.7,0.0,0.0,0.0,0.2,0.6,27.8,0.1,0.3,30.0
Tre Mann,CHA,24,1.8,4.3,41.1,1.1,1.6,66.7,0.5,1.2,37.5,0.2,0.5,50.0,0.5,1.4,38.9,1.3,3.2,40.5
Trendon Watford,BKN,24,1.6,3.0,54.4,1.1,2.0,52.6,0.1,0.3,16.7,0.0,0.1,0.0,0.3,0.9,35.3,0.4,1.1,35.0
Trentyn Flowers,LAC,19,1.5,3.0,50.0,0.0,0.0,0.0,1.0,1.0,100,0.0,0.0,0.0,0.0,1.0,0.0,0.0,0.5,0.0
Trevelin Queen,ORL,27,0.8,1.6,51.4,0.2,0.6,36.4,0.0,0.2,25.0,0.1,0.1,50.0,0.3,1.0,28.6,0.4,1.6,27.0
Trey Alexander,DEN,21,0.1,0.2,33.3,0.0,0.2,0.0,0.2,0.3,50.0,0.2,0.4,40.0,0.1,0.2,66.7,0.0,0.4,0.0
Trey Jemison III,LAL,25,0.9,1.5,59.5,0.1,0.5,30.0,0.0,0.1,50.0,0.0,0.0,0.0,0.0,0.0,0.0,0.0,0.0,0.0
Trey Lyles,SAC,29,0.7,1.3,51.6,0.0,0.1,33.3,0.1,0.1,66.7,0.1,0.1,75.0,0.6,1.5,38.0,0.6,2.1,29.5
Trey Murphy III,NOP,24,3.1,4.5,68.7,0.6,1.8,34.2,0.4,1.0,36.8,0.0,0.1,20.0,1.1,2.6,41.9,2.1,5.5,38.5
Tristan Thompson,CLE,33,0.6,1.0,57.1,0.2,0.4,45.5,0.0,0.2,0.0,0.0,0.0,0.0,0.0,0.0,0.0,0.0,0.1,0.0
Tristan Vukcevic,WAS,21,0.9,1.0,86.7,0.2,0.6,25.0,0.2,0.3,66.7,0.3,0.4,66.7,0.1,0.3,50.0,0.4,1.3,30.0
Tristan da Silva,ORL,23,1.4,2.4,57.4,0.3,0.7,47.4,0.1,0.2,38.5,0.0,0.2,10.0,0.7,1.9,35.2,0.6,1.7,32.6
Tristen Newton,MIN,23,0.2,0.2,100,0.0,0.3,0.0,0.0,1.0,0.0,0.0,0.0,0.0,0.0,0.0,0.0,0.0,0.5,0.0
Ty Jerome,CLE,27,0.9,1.7,53.5,1.0,1.6,61.2,0.7,1.1,60.3,0.1,0.2,58.3,0.4,0.9,46.7,0.9,2.0,47.6
TyTy Washington Jr.,PHX,23,0.1,0.4,33.3,0.5,0.8,60.0,0.5,1.3,37.5,0.2,0.2,100,0.1,0.9,16.7,0.3,1.3,22.2
Tyler Herro,MIA,25,2.1,3.5,60.3,1.4,2.3,58.7,0.7,1.3,55.1,0.4,0.9,44.4,0.8,2.0,43.1,2.7,7.2,37.5
Tyler Kolek,NYK,23,0.1,0.3,28.6,0.1,0.3,28.6,0.1,0.2,50.0,0.1,0.1,100,0.2,0.4,54.5,0.2,0.6,31.3
Tyler Smith,MIL,20,0.5,0.7,63.6,0.2,0.2,100,0.0,0.0,0.0,0.0,0.0,0.0,0.4,1.0,36.4,0.2,0.7,33.3
Tyrese Haliburton,IND,24,1.4,1.9,69.9,0.6,1.3,50.7,0.6,1.3,47.1,0.6,1.2,53.2,0.6,1.6,38.6,2.3,6.0,37.8
Tyrese Martin,BKN,25,0.9,1.2,69.8,0.3,0.9,36.4,0.1,0.5,29.4,0.1,0.2,33.3,0.7,2.0,33.3,0.9,2.5,35.6
Tyrese Maxey,PHI,24,3.9,6.8,57.1,1.2,2.6,47.1,0.7,1.3,52.5,0.4,0.9,40.9,0.6,1.6,37.3,2.8,7.7,35.8
Tyus Jones,PHX,28,0.8,1.2,68.8,0.6,1.2,45.5,0.6,1.4,43.8,0.1,0.2,27.3,1.1,2.4,44.2,1.0,2.7,37.0
Ulrich Chomche,TOR,19,0.1,0.3,50.0,0.0,0.2,0.0,0.2,0.3,50.0,0.0,0.0,0.0,0.0,0.0,0.0,0.0,0.0,0.0
Vasilije Micić,PHX,31,0.8,1.6,46.6,0.2,0.8,21.4,0.1,0.6,17.4,0.3,0.9,33.3,0.2,0.6,38.1,1.1,3.1,35.4
Victor Wembanyama,SAS,21,3.6,5.0,72.1,0.7,1.3,51.7,0.6,1.4,43.8,0.8,1.7,45.0,0.5,1.5,34.3,2.3,6.8,34.6
Vince Williams Jr.,MEM,24,1.3,2.3,56.3,0.1,0.7,20.0,0.1,0.3,50.0,0.1,0.1,100,0.3,1.4,20.0,0.3,1.1,25.0
Vlatko Čančar,DEN,27,0.8,1.3,60.0,0.0,0.0,0.0,0.0,0.0,0.0,0.0,0.0,0.0,0.3,0.3,100,0.0,0.3,0.0
Vít Krejčí,ATL,24,0.7,1.2,60.4,0.2,0.3,58.3,0.1,0.1,40.0,0.0,0.1,0.0,0.6,1.4,40.0,0.9,2.4,40.0
Walker Kessler,UTA,23,4.5,6.0,75.0,0.3,0.5,47.8,0.0,0.0,0.0,0.0,0.0,0.0,0.0,0.1,66.7,0.0,0.0,0.0
Wendell Carter Jr.,ORL,25,2.0,2.8,70.1,0.2,0.6,37.9,0.2,0.6,44.0,0.3,0.7,38.7,0.2,0.9,17.9,0.3,1.4,21.0
Wendell Moore Jr.,CHA,23,0.7,1.3,54.2,0.2,0.4,57.1,0.1,0.2,25.0,0.1,0.2,33.3,0.2,0.6,27.3,0.1,0.3,20.0
Xavier Tillman,BOS,26,0.2,0.4,54.5,0.0,0.2,0.0,0.0,0.0,0.0,0.0,0.0,0.0,0.0,0.4,10.0,0.1,0.5,23.1
Yuki Kawamura,MEM,23,0.1,0.1,50.0,0.0,0.0,0.0,0.1,0.2,50.0,0.3,0.3,100,0.0,0.1,0.0,0.2,0.8,28.6
Yves Missi,NOP,20,3.2,5.6,56.9,0.2,0.7,33.3,0.0,0.1,25.0,0.0,0.0,0.0,0.0,0.0,0.0,0.0,0.0,0.0
Zaccharie Risacher,ATL,19,2.3,4.1,56.8,0.4,1.0,39.2,0.1,0.4,31.8,0.0,0.1,33.3,0.9,2.4,35.8,0.5,2.0,27.1
Zach Collins,CHI,27,1.0,1.7,57.8,0.2,0.5,47.1,0.0,0.1,33.3,0.0,0.0,0.0,0.2,0.5,31.6,0.3,0.9,30.3
Zach Edey,MEM,22,2.9,4.1,71.3,0.4,1.2,34.6,0.1,0.2,33.3,0.0,0.0,0.0,0.2,0.5,31.8,0.2,0.5,40.9
Zach LaVine,SAC,29,3.8,5.7,66.7,0.3,0.6,44.8,0.3,0.8,41.5,0.6,1.4,39.4,1.3,2.8,46.0,2.0,5.0,39.8
Zeke Nnaji,DEN,24,0.9,1.3,73.8,0.0,0.1,0.0,0.0,0.0,0.0,0.0,0.0,100,0.2,0.6,33.3,0.0,0.3,0.0
Ziaire Williams,BKN,23,1.7,3.0,54.4,0.1,0.4,25.0,0.1,0.2,33.3,0.0,0.1,0.0,0.6,2.1,26.4,0.7,1.9,38.0
Zion Williamson,NOP,24,6.4,10.1,63.9,2.5,5.2,48.0,0.4,0.9,38.9,0.0,0.1,0.0,0.0,0.2,0.0,0.2,0.4,42.9
